
<DEMDataSet xmlns:xsi="http://www.w3.org/2001/XMLSchema-instance" xsi:schemaLocation="http://www.nemsis.org http://nemsis.org/media/nemsis_v3/release-3.5.0/XSDs/NEMSIS_XSDs/DEMDataSet_v3.xsd" xmlns="http://www.nemsis.org">
    <DemographicReport timeStamp="2015-03-03T13:29:42+07:00">
        <dAgency>
            <dAgency.01>8</dAgency.01>
            <dAgency.02>88</dAgency.02>
            <dAgency.03>0E</dAgency.03>
            <dAgency.04>49</dAgency.04>
            <dAgency.AgencyServiceGroup UUID="4b52c9dd-511d-452c-ab5e-85661b911b78">
                <dAgency.05>49</dAgency.05>
                <dAgency.06>49013</dAgency.06>
                <dAgency.07>17612457577</dAgency.07>
                <dAgency.08>84027</dAgency.08></dAgency.AgencyServiceGroup>
            <dAgency.09>9920019</dAgency.09>
            <dAgency.10>9920019</dAgency.10>
            <dAgency.11>9917031</dAgency.11>
            <dAgency.12>1016005</dAgency.12>
            <dAgency.13>9912009</dAgency.13>
            <dAgency.14>1018005</dAgency.14>
            <dAgency.AgencyYearGroup UUID="51dc4036-df94-4c58-ab25-6f4f8fc9938d">
                <dAgency.15>2034</dAgency.15>
                <dAgency.16>2892068</dAgency.16>
                <dAgency.17>3669342</dAgency.17>
                <dAgency.18>2986331</dAgency.18>
                <dAgency.19>2652483</dAgency.19>
                <dAgency.20>964222</dAgency.20>
                <dAgency.21>583668</dAgency.21>
                <dAgency.22>2876971</dAgency.22></dAgency.AgencyYearGroup>
            <dAgency.23>1027017</dAgency.23>
            <dAgency.24>9923003</dAgency.24>
            <dAgency.25>HvvRZIEZiS</dAgency.25>
            <dAgency.26>P</dAgency.26></dAgency>
        <dContact>
            <dContact.ContactInfoGroup UUID="44440c47-9ae6-405d-80b5-ee5ddd8bb414">
                <dContact.01>1101017</dContact.01>
                <dContact.02>Garrett</dContact.02>
                <dContact.03>Gilberto</dContact.03>
                <dContact.04>Alcorn</dContact.04>
                <dContact.05 StreetAddress2="e">P.O. Box 929, 4548 Dolor. Road</dContact.05>
                <dContact.06>1454997</dContact.06>
                <dContact.07>49</dContact.07>
                <dContact.08>84124</dContact.08>
                <dContact.09>US</dContact.09>
                <dContact.10 PhoneNumberType="9913009">718-443-5742</dContact.10>
                <dContact.11 EmailAddressType="9904003">vNRhdlaO@D6Zw.com</dContact.11>
                <dContact.12>hpK</dContact.12>
                <dContact.EMSMedicalDirectorGroup>
                    <dContact.13>1113003</dContact.13>
                    <dContact.14>1114043</dContact.14>
                    <dContact.15>1115003</dContact.15>
                    <dContact.16>9923003</dContact.16></dContact.EMSMedicalDirectorGroup></dContact.ContactInfoGroup></dContact>
        <dConfiguration>
            <dConfiguration.ConfigurationGroup UUID="b7d64bf9-a6d1-4ce5-944f-1d6301bced74">
                <dConfiguration.01>49</dConfiguration.01>
                <dConfiguration.ProcedureGroup UUID="89d2f639-db42-4d1e-b864-eead3d713246">
                    <dConfiguration.06>9917031</dConfiguration.06>
                    <dConfiguration.07>385857005</dConfiguration.07></dConfiguration.ProcedureGroup>
                <dConfiguration.MedicationGroup UUID="82567604-af69-4fb0-b7ca-f2990cc30a71">
                    <dConfiguration.08>9917031</dConfiguration.08>
                    <dConfiguration.09 CodeType="9924003">3616</dConfiguration.09></dConfiguration.MedicationGroup>
                <dConfiguration.10>9914225</dConfiguration.10>
                <dConfiguration.11>1211035</dConfiguration.11>
                <dConfiguration.12>9923003</dConfiguration.12>
                <dConfiguration.13>1213005</dConfiguration.13>
                <dConfiguration.14>4f</dConfiguration.14>
                <dConfiguration.15>1215019</dConfiguration.15>
                <dConfiguration.16>C</dConfiguration.16>
                <dConfiguration.17>A8</dConfiguration.17></dConfiguration.ConfigurationGroup></dConfiguration>
        <dLocation>
            <dLocation.LocationGroup UUID="aafe9af8-de30-46b6-abf9-67ad105a48db">
                <dLocation.01>1301007</dLocation.01>
                <dLocation.02>TN</dLocation.02>
                <dLocation.03>2</dLocation.03>
                <dLocation.04>37.487664,-113.312512</dLocation.04>
                <dLocation.05>17TZK58817460</dLocation.05>
                <dLocation.06 StreetAddress2="t">P.O. Box 867, 5900 Sagittis St.</dLocation.06>
                <dLocation.07>1443808</dLocation.07>
                <dLocation.08>49</dLocation.08>
                <dLocation.09>84757</dLocation.09>
                <dLocation.10>49053</dLocation.10>
                <dLocation.11>US</dLocation.11>
                <dLocation.12 PhoneNumberType="9913009">684-678-6775</dLocation.12></dLocation.LocationGroup></dLocation>
        <dVehicle>
            <dVehicle.VehicleGroup UUID="07d677d1-a236-4025-895a-1a3a7f84fc9d">
                <dVehicle.01>4</dVehicle.01>
                <dVehicle.02>aLR6vIei2ySCHZhKC</dVehicle.02>
                <dVehicle.03>w</dVehicle.03>
                <dVehicle.04>1404025</dVehicle.04>
                <dVehicle.VehicleCertificationLevelsGroup UUID="ca2090cc-bc22-405e-ae3f-ac0ff71017df">
                    <dVehicle.05>9917031</dVehicle.05>
                    <dVehicle.06>11</dVehicle.06>
                    <dVehicle.07>2</dVehicle.07>
                    <dVehicle.08>8</dVehicle.08></dVehicle.VehicleCertificationLevelsGroup>
                <dVehicle.09>5169602</dVehicle.09>
                <dVehicle.10>2037</dVehicle.10>
                <dVehicle.YearGroup UUID="7bedc556-dbde-4a9f-8265-027fa0fc7d7b">
                    <dVehicle.11>1951</dVehicle.11>
                    <dVehicle.12>2034</dVehicle.12>
                    <dVehicle.13 DistanceUnit="9929003">822.0</dVehicle.13></dVehicle.YearGroup></dVehicle.VehicleGroup></dVehicle>
        <dPersonnel>
            <dPersonnel.PersonnelGroup UUID="e33cd4b4-6f44-4b5d-a643-c8bad27341c6">
                <dPersonnel.NameGroup>
                    <dPersonnel.01>Parsons</dPersonnel.01>
                    <dPersonnel.02>Margarita</dPersonnel.02>
                    <dPersonnel.03>Acuna</dPersonnel.03></dPersonnel.NameGroup>
                <dPersonnel.AddressGroup>
                    <dPersonnel.04 StreetAddress2="E">8268 Justo Road</dPersonnel.04>
                    <dPersonnel.05>1443808</dPersonnel.05>
                    <dPersonnel.06>49</dPersonnel.06>
                    <dPersonnel.07>84757</dPersonnel.07>
                    <dPersonnel.08>US</dPersonnel.08></dPersonnel.AddressGroup>
                <dPersonnel.09 PhoneNumberType="9913009">322-678-8317</dPersonnel.09>
                <dPersonnel.10 EmailAddressType="9904003">5Njl17lK@V6qd.com</dPersonnel.10>
                <dPersonnel.11>1959-06-05</dPersonnel.11>
                <dPersonnel.12>9906005</dPersonnel.12>
                <dPersonnel.13>1513011</dPersonnel.13>
                <dPersonnel.14>EE</dPersonnel.14>
                <dPersonnel.15>1515031</dPersonnel.15>
                <dPersonnel.16>1516071</dPersonnel.16>
                <dPersonnel.17>1517023</dPersonnel.17>
                <dPersonnel.ImmunizationsGroup UUID="5183e2a7-7c71-44d9-9713-fb85a382759c">
                    <dPersonnel.18>9910051</dPersonnel.18>
                    <dPersonnel.19>1984</dPersonnel.19></dPersonnel.ImmunizationsGroup>
                <dPersonnel.20>yid</dPersonnel.20>
                <dPersonnel.21>M2</dPersonnel.21>
                <dPersonnel.LicensureGroup UUID="b11b951c-ab46-47fd-96d2-e17f812bc4c9">
                    <dPersonnel.22>49</dPersonnel.22>
                    <dPersonnel.23>bB</dPersonnel.23>
                    <dPersonnel.24>9925043</dPersonnel.24>
                    <dPersonnel.25>2003-12-05</dPersonnel.25>
                    <dPersonnel.26>1973-02-28</dPersonnel.26>
                    <dPersonnel.27>1972-05-27</dPersonnel.27></dPersonnel.LicensureGroup>
                <dPersonnel.28>O0812565</dPersonnel.28>
                <dPersonnel.29>1529005</dPersonnel.29>
                <dPersonnel.30>1963-10-22</dPersonnel.30>
                <dPersonnel.31>1531007</dPersonnel.31>
                <dPersonnel.32>1981-06-03</dPersonnel.32>
                <dPersonnel.33>1988-04-11</dPersonnel.33>
                <dPersonnel.34>1534017</dPersonnel.34>
                <dPersonnel.35>1534017</dPersonnel.35>
                <dPersonnel.36>31</dPersonnel.36>
                <dPersonnel.37>1977-02-07</dPersonnel.37>
                <dPersonnel.CertificationLevelGroup UUID="17690cc4-ebe2-417c-9040-ed967b0168fc">
                    <dPersonnel.38>9925043</dPersonnel.38>
                    <dPersonnel.39>1965-10-25</dPersonnel.39></dPersonnel.CertificationLevelGroup></dPersonnel.PersonnelGroup></dPersonnel>
        <dDevice>
            <dDevice.DeviceGroup UUID="61b234ac-ba95-4b67-87f6-489a293d9e68">
                <dDevice.01>tY</dDevice.01>
                <dDevice.02>c2</dDevice.02>
                <dDevice.03>1603039</dDevice.03>
                <dDevice.04>oi</dDevice.04>
                <dDevice.05>rp</dDevice.05>
                <dDevice.06>1992-11-15</dDevice.06></dDevice.DeviceGroup></dDevice>
        <dFacility>
            <dFacilityGroup UUID="6a1942bc-2577-4383-bb86-d60a383fabae">
                <dFacility.01>1701017</dFacility.01>
                <dFacility.FacilityGroup UUID="9e95e57d-e7ca-4c12-b356-aa7711df0d86">
                    <dFacility.02>Gb</dFacility.02>
                    <dFacility.03>dH</dFacility.03>
                    <dFacility.04>9908035</dFacility.04>
                    <dFacility.05>wZgJiT5wu3</dFacility.05>
                    <dFacility.06>U</dFacility.06>
                    <dFacility.07 StreetAddress2="U">840-2077 Sociis Rd.</dFacility.07>
                    <dFacility.08>1431780</dFacility.08>
                    <dFacility.09>49</dFacility.09>
                    <dFacility.10>84050</dFacility.10>
                    <dFacility.11>49029</dFacility.11>
                    <dFacility.12>US</dFacility.12>
                    <dFacility.13>41.029860,-111.731880</dFacility.13>
                    <dFacility.14>16SFM69985612</dFacility.14>
                    <dFacility.15 PhoneNumberType="9913009">323-611-9558</dFacility.15></dFacility.FacilityGroup></dFacilityGroup></dFacility></DemographicReport></DEMDataSet>