
<DEMDataSet xmlns:xsi="http://www.w3.org/2001/XMLSchema-instance" xsi:schemaLocation="http://www.nemsis.org http://nemsis.org/media/nemsis_v3/release-3.5.0/XSDs/NEMSIS_XSDs/DEMDataSet_v3.xsd" xmlns="http://www.nemsis.org">
    <DemographicReport timeStamp="2015-03-03T13:29:40+07:00">
        <dAgency>
            <dAgency.01>4</dAgency.01>
            <dAgency.02>44</dAgency.02>
            <dAgency.03>n4</dAgency.03>
            <dAgency.04>49</dAgency.04>
            <dAgency.AgencyServiceGroup UUID="add7694a-3a8e-4292-919a-f9095a1dcff2">
                <dAgency.05>49</dAgency.05>
                <dAgency.06>49055</dAgency.06>
                <dAgency.07>17397335211</dAgency.07>
                <dAgency.08>84773</dAgency.08></dAgency.AgencyServiceGroup>
            <dAgency.09>9920019</dAgency.09>
            <dAgency.10>9920019</dAgency.10>
            <dAgency.11>9917031</dAgency.11>
            <dAgency.12>1016005</dAgency.12>
            <dAgency.13>9912009</dAgency.13>
            <dAgency.14>1018005</dAgency.14>
            <dAgency.AgencyYearGroup UUID="487c5327-e4fa-43da-97b6-de76f48ba8ca">
                <dAgency.15>1932</dAgency.15>
                <dAgency.16>1509336</dAgency.16>
                <dAgency.17>2413643</dAgency.17>
                <dAgency.18>508612</dAgency.18>
                <dAgency.19>2245604</dAgency.19>
                <dAgency.20>920236</dAgency.20>
                <dAgency.21>1534805</dAgency.21>
                <dAgency.22>2683389</dAgency.22></dAgency.AgencyYearGroup>
            <dAgency.23>1027017</dAgency.23>
            <dAgency.24>9923003</dAgency.24>
            <dAgency.25>zQUpPShfIJ</dAgency.25>
            <dAgency.26>0</dAgency.26></dAgency>
        <dContact>
            <dContact.ContactInfoGroup UUID="e5d4c5f0-42cb-471d-b72b-bcf6bf6e8a91">
                <dContact.01>1101017</dContact.01>
                <dContact.02>Mcdonald</dContact.02>
                <dContact.03>Hubert</dContact.03>
                <dContact.04>Alvarado</dContact.04>
                <dContact.05 StreetAddress2="4">Ap #652-2765 Vestibulum Street</dContact.05>
                <dContact.06>1444282</dContact.06>
                <dContact.07>49</dContact.07>
                <dContact.08>84061</dContact.08>
                <dContact.09>US</dContact.09>
                <dContact.10 PhoneNumberType="9913009">832-872-7622</dContact.10>
                <dContact.11 EmailAddressType="9904003">9DWXNJ4c@oQbb.com</dContact.11>
                <dContact.12>vIN</dContact.12>
                <dContact.EMSMedicalDirectorGroup>
                    <dContact.13>1113003</dContact.13>
                    <dContact.14>1114043</dContact.14>
                    <dContact.15>1115003</dContact.15>
                    <dContact.16>9923003</dContact.16></dContact.EMSMedicalDirectorGroup></dContact.ContactInfoGroup></dContact>
        <dConfiguration>
            <dConfiguration.ConfigurationGroup UUID="5d721e3b-40bf-4367-a334-72f736a593db">
                <dConfiguration.01>49</dConfiguration.01>
                <dConfiguration.ProcedureGroup UUID="dd8a5076-aa7c-4069-82e2-0f32518c3030">
                    <dConfiguration.06>9917031</dConfiguration.06>
                    <dConfiguration.07>353008</dConfiguration.07></dConfiguration.ProcedureGroup>
                <dConfiguration.MedicationGroup UUID="2d9db340-0f35-4972-9b77-c98f01f76ed3">
                    <dConfiguration.08>9917031</dConfiguration.08>
                    <dConfiguration.09 CodeType="9924003">6387</dConfiguration.09></dConfiguration.MedicationGroup>
                <dConfiguration.10>9914225</dConfiguration.10>
                <dConfiguration.11>1211035</dConfiguration.11>
                <dConfiguration.12>9923003</dConfiguration.12>
                <dConfiguration.13>1213005</dConfiguration.13>
                <dConfiguration.14>JM</dConfiguration.14>
                <dConfiguration.15>1215019</dConfiguration.15>
                <dConfiguration.16>n</dConfiguration.16>
                <dConfiguration.17>JI</dConfiguration.17></dConfiguration.ConfigurationGroup></dConfiguration>
        <dLocation>
            <dLocation.LocationGroup UUID="7abdefb1-5194-4dc1-aa7b-8c62e942bfd3">
                <dLocation.01>1301007</dLocation.01>
                <dLocation.02>J0</dLocation.02>
                <dLocation.03>7</dLocation.03>
                <dLocation.04>41.222904,-111.971747</dLocation.04>
                <dLocation.05>18SKB91199331</dLocation.05>
                <dLocation.06 StreetAddress2="K">2879 Orci, Ave</dLocation.06>
                <dLocation.07>1444049</dLocation.07>
                <dLocation.08>49</dLocation.08>
                <dLocation.09>84415</dLocation.09>
                <dLocation.10>49057</dLocation.10>
                <dLocation.11>US</dLocation.11>
                <dLocation.12 PhoneNumberType="9913009">534-624-8118</dLocation.12></dLocation.LocationGroup></dLocation>
        <dVehicle>
            <dVehicle.VehicleGroup UUID="b20fbae0-f1ee-4d1b-9781-1373dd6c31d7">
                <dVehicle.01>1</dVehicle.01>
                <dVehicle.02>mjLWRHeiDMdjvtrUs</dVehicle.02>
                <dVehicle.03>o</dVehicle.03>
                <dVehicle.04>1404025</dVehicle.04>
                <dVehicle.VehicleCertificationLevelsGroup UUID="1b6f8ee4-0769-44dd-8fe2-1360ee08e45d">
                    <dVehicle.05>9917031</dVehicle.05>
                    <dVehicle.06>2</dVehicle.06>
                    <dVehicle.07>9</dVehicle.07>
                    <dVehicle.08>10</dVehicle.08></dVehicle.VehicleCertificationLevelsGroup>
                <dVehicle.09>2603663</dVehicle.09>
                <dVehicle.10>2046</dVehicle.10>
                <dVehicle.YearGroup UUID="ce00c3cb-14de-414d-b07b-6989a5853a15">
                    <dVehicle.11>1967</dVehicle.11>
                    <dVehicle.12>2091</dVehicle.12>
                    <dVehicle.13 DistanceUnit="9929003">541.0</dVehicle.13></dVehicle.YearGroup></dVehicle.VehicleGroup></dVehicle>
        <dPersonnel>
            <dPersonnel.PersonnelGroup UUID="9434fa53-132e-464e-952d-3b7ef8d56327">
                <dPersonnel.NameGroup>
                    <dPersonnel.01>Ramsey</dPersonnel.01>
                    <dPersonnel.02>Kara</dPersonnel.02>
                    <dPersonnel.03>Alger</dPersonnel.03></dPersonnel.NameGroup>
                <dPersonnel.AddressGroup>
                    <dPersonnel.04 StreetAddress2="u">Ap #253-8128 Id, Avenue</dPersonnel.04>
                    <dPersonnel.05>1954629</dPersonnel.05>
                    <dPersonnel.06>49</dPersonnel.06>
                    <dPersonnel.07>84762</dPersonnel.07>
                    <dPersonnel.08>US</dPersonnel.08></dPersonnel.AddressGroup>
                <dPersonnel.09 PhoneNumberType="9913009">677-501-2434</dPersonnel.09>
                <dPersonnel.10 EmailAddressType="9904003">PerLomfI@mThx.com</dPersonnel.10>
                <dPersonnel.11>2004-11-27</dPersonnel.11>
                <dPersonnel.12>9906005</dPersonnel.12>
                <dPersonnel.13>1513011</dPersonnel.13>
                <dPersonnel.14>0s</dPersonnel.14>
                <dPersonnel.15>1515031</dPersonnel.15>
                <dPersonnel.16>1516071</dPersonnel.16>
                <dPersonnel.17>1517023</dPersonnel.17>
                <dPersonnel.ImmunizationsGroup UUID="2df5640a-c0d3-4747-89e4-d55a82be7e4b">
                    <dPersonnel.18>9910051</dPersonnel.18>
                    <dPersonnel.19>1943</dPersonnel.19></dPersonnel.ImmunizationsGroup>
                <dPersonnel.20>yid</dPersonnel.20>
                <dPersonnel.21>JS</dPersonnel.21>
                <dPersonnel.LicensureGroup UUID="15d3431c-8234-449e-b914-dc4aae5fd0a1">
                    <dPersonnel.22>49</dPersonnel.22>
                    <dPersonnel.23>Si</dPersonnel.23>
                    <dPersonnel.24>9925043</dPersonnel.24>
                    <dPersonnel.25>1958-08-28</dPersonnel.25>
                    <dPersonnel.26>1988-06-04</dPersonnel.26>
                    <dPersonnel.27>1996-05-09</dPersonnel.27></dPersonnel.LicensureGroup>
                <dPersonnel.28>FC236552</dPersonnel.28>
                <dPersonnel.29>1529005</dPersonnel.29>
                <dPersonnel.30>1990-08-29</dPersonnel.30>
                <dPersonnel.31>1531007</dPersonnel.31>
                <dPersonnel.32>1995-11-25</dPersonnel.32>
                <dPersonnel.33>1956-02-17</dPersonnel.33>
                <dPersonnel.34>1534017</dPersonnel.34>
                <dPersonnel.35>1534017</dPersonnel.35>
                <dPersonnel.36>52</dPersonnel.36>
                <dPersonnel.37>2004-09-02</dPersonnel.37>
                <dPersonnel.CertificationLevelGroup UUID="efccdcdc-98b5-49ac-a778-6625c6f1a44f">
                    <dPersonnel.38>9925043</dPersonnel.38>
                    <dPersonnel.39>1993-09-20</dPersonnel.39></dPersonnel.CertificationLevelGroup></dPersonnel.PersonnelGroup></dPersonnel>
        <dDevice>
            <dDevice.DeviceGroup UUID="b74d01b3-5ca2-4042-9fd8-f9d8b36120ad">
                <dDevice.01>9L</dDevice.01>
                <dDevice.02>Bu</dDevice.02>
                <dDevice.03>1603039</dDevice.03>
                <dDevice.04>nY</dDevice.04>
                <dDevice.05>l0</dDevice.05>
                <dDevice.06>1989-11-15</dDevice.06></dDevice.DeviceGroup></dDevice>
        <dFacility>
            <dFacilityGroup UUID="9aa33cff-957a-40c8-81da-a17b927f63dd">
                <dFacility.01>1701017</dFacility.01>
                <dFacility.FacilityGroup UUID="49389199-68b2-4808-93c9-f66d610263d0">
                    <dFacility.02>BY</dFacility.02>
                    <dFacility.03>FI</dFacility.03>
                    <dFacility.04>9908035</dFacility.04>
                    <dFacility.05>JzaqvTD9hO</dFacility.05>
                    <dFacility.06>m</dFacility.06>
                    <dFacility.07 StreetAddress2="Y">115-6260 In St.</dFacility.07>
                    <dFacility.08>1446932</dFacility.08>
                    <dFacility.09>49</dFacility.09>
                    <dFacility.10>84080</dFacility.10>
                    <dFacility.11>49045</dFacility.11>
                    <dFacility.12>US</dFacility.12>
                    <dFacility.13>40.036117,-112.388825</dFacility.13>
                    <dFacility.14>14SMN93833855</dFacility.14>
                    <dFacility.15 PhoneNumberType="9913009">454-893-7714</dFacility.15></dFacility.FacilityGroup></dFacilityGroup></dFacility></DemographicReport></DEMDataSet>