
<DEMDataSet xmlns:xsi="http://www.w3.org/2001/XMLSchema-instance" xsi:schemaLocation="http://www.nemsis.org http://nemsis.org/media/nemsis_v3/release-3.5.0/XSDs/NEMSIS_XSDs/DEMDataSet_v3.xsd" xmlns="http://www.nemsis.org">
    <DemographicReport timeStamp="2015-03-03T13:29:37+07:00">
        <dAgency>
            <dAgency.01>0</dAgency.01>
            <dAgency.02>00</dAgency.02>
            <dAgency.03>KD</dAgency.03>
            <dAgency.04>49</dAgency.04>
            <dAgency.AgencyServiceGroup UUID="e487ee17-cfb3-459c-b5a1-c9038029b4a3">
                <dAgency.05>49</dAgency.05>
                <dAgency.06>49035</dAgency.06>
                <dAgency.07>95726215954</dAgency.07>
                <dAgency.08>84120</dAgency.08></dAgency.AgencyServiceGroup>
            <dAgency.09>9920019</dAgency.09>
            <dAgency.10>9920019</dAgency.10>
            <dAgency.11>9917031</dAgency.11>
            <dAgency.12>1016005</dAgency.12>
            <dAgency.13>9912009</dAgency.13>
            <dAgency.14>1018005</dAgency.14>
            <dAgency.AgencyYearGroup UUID="1cb7a593-4f0c-4d88-a7cc-4673746583b7">
                <dAgency.15>2032</dAgency.15>
                <dAgency.16>3616813</dAgency.16>
                <dAgency.17>659606</dAgency.17>
                <dAgency.18>933688</dAgency.18>
                <dAgency.19>3676885</dAgency.19>
                <dAgency.20>3707894</dAgency.20>
                <dAgency.21>2866773</dAgency.21>
                <dAgency.22>2387903</dAgency.22></dAgency.AgencyYearGroup>
            <dAgency.23>1027017</dAgency.23>
            <dAgency.24>9923003</dAgency.24>
            <dAgency.25>IGsh2zQIN6</dAgency.25>
            <dAgency.26>1</dAgency.26></dAgency>
        <dContact>
            <dContact.ContactInfoGroup UUID="d8965134-25b1-4a45-855e-7ac4dad78d75">
                <dContact.01>1101017</dContact.01>
                <dContact.02>Bowers</dContact.02>
                <dContact.03>Louise</dContact.03>
                <dContact.04>Adcock</dContact.04>
                <dContact.05 StreetAddress2="x">Ap #677-1505 Lectus Rd.</dContact.05>
                <dContact.06>1454224</dContact.06>
                <dContact.07>49</dContact.07>
                <dContact.08>84055</dContact.08>
                <dContact.09>US</dContact.09>
                <dContact.10 PhoneNumberType="9913009">512-382-5116</dContact.10>
                <dContact.11 EmailAddressType="9904003">s2gyDegK@qa7R.com</dContact.11>
                <dContact.12>mlz</dContact.12>
                <dContact.EMSMedicalDirectorGroup>
                    <dContact.13>1113003</dContact.13>
                    <dContact.14>1114043</dContact.14>
                    <dContact.15>1115003</dContact.15>
                    <dContact.16>9923003</dContact.16></dContact.EMSMedicalDirectorGroup></dContact.ContactInfoGroup></dContact>
        <dConfiguration>
            <dConfiguration.ConfigurationGroup UUID="b99e2633-18ef-4bb5-82d1-3545c7758038">
                <dConfiguration.01>49</dConfiguration.01>
                <dConfiguration.ProcedureGroup UUID="9c400c24-967e-4a44-ad94-0af2178ee5c4">
                    <dConfiguration.06>9917031</dConfiguration.06>
                    <dConfiguration.07>243140006</dConfiguration.07></dConfiguration.ProcedureGroup>
                <dConfiguration.MedicationGroup UUID="6e21e148-3a62-45e9-b429-b88b68d06046">
                    <dConfiguration.08>9917031</dConfiguration.08>
                    <dConfiguration.09 CodeType="9924003">10368</dConfiguration.09></dConfiguration.MedicationGroup>
                <dConfiguration.10>9914225</dConfiguration.10>
                <dConfiguration.11>1211035</dConfiguration.11>
                <dConfiguration.12>9923003</dConfiguration.12>
                <dConfiguration.13>1213005</dConfiguration.13>
                <dConfiguration.14>Kd</dConfiguration.14>
                <dConfiguration.15>1215019</dConfiguration.15>
                <dConfiguration.16>2</dConfiguration.16>
                <dConfiguration.17>Kz</dConfiguration.17></dConfiguration.ConfigurationGroup></dConfiguration>
        <dLocation>
            <dLocation.LocationGroup UUID="4e31fa9f-0d74-4a8e-a204-5859ee59f826">
                <dLocation.01>1301007</dLocation.01>
                <dLocation.02>nh</dLocation.02>
                <dLocation.03>I</dLocation.03>
                <dLocation.04>40.436388,-110.826187</dLocation.04>
                <dLocation.05>17TJQ87216616</dLocation.05>
                <dLocation.06 StreetAddress2="Z">Ap #269-2629 Enim. Avenue</dLocation.06>
                <dLocation.07>1428509</dLocation.07>
                <dLocation.08>49</dLocation.08>
                <dLocation.09>84031</dLocation.09>
                <dLocation.10>49013</dLocation.10>
                <dLocation.11>US</dLocation.11>
                <dLocation.12 PhoneNumberType="9913009">257-954-8841</dLocation.12></dLocation.LocationGroup></dLocation>
        <dVehicle>
            <dVehicle.VehicleGroup UUID="4c7e7d3f-89fe-4c7a-bd84-e40374debc98">
                <dVehicle.01>G</dVehicle.01>
                <dVehicle.02>acmKTGJiRmsKETLPu</dVehicle.02>
                <dVehicle.03>a</dVehicle.03>
                <dVehicle.04>1404025</dVehicle.04>
                <dVehicle.VehicleCertificationLevelsGroup UUID="a4485a2c-8d31-48aa-aef2-1e677165b619">
                    <dVehicle.05>9917031</dVehicle.05>
                    <dVehicle.06>4</dVehicle.06>
                    <dVehicle.07>4</dVehicle.07>
                    <dVehicle.08>5</dVehicle.08></dVehicle.VehicleCertificationLevelsGroup>
                <dVehicle.09>5865440</dVehicle.09>
                <dVehicle.10>1919</dVehicle.10>
                <dVehicle.YearGroup UUID="39997728-6faa-4b02-a3a2-b4ea188be32d">
                    <dVehicle.11>1982</dVehicle.11>
                    <dVehicle.12>9533</dVehicle.12>
                    <dVehicle.13 DistanceUnit="9929003">562.0</dVehicle.13></dVehicle.YearGroup></dVehicle.VehicleGroup></dVehicle>
        <dPersonnel>
            <dPersonnel.PersonnelGroup UUID="d2d80e94-956a-447d-b7c3-52e22917461a">
                <dPersonnel.NameGroup>
                    <dPersonnel.01>Diaz</dPersonnel.01>
                    <dPersonnel.02>Luther</dPersonnel.02>
                    <dPersonnel.03>Adam</dPersonnel.03></dPersonnel.NameGroup>
                <dPersonnel.AddressGroup>
                    <dPersonnel.04 StreetAddress2="R">6925 Conubia Rd.</dPersonnel.04>
                    <dPersonnel.05>1433782</dPersonnel.05>
                    <dPersonnel.06>49</dPersonnel.06>
                    <dPersonnel.07>84047</dPersonnel.07>
                    <dPersonnel.08>US</dPersonnel.08></dPersonnel.AddressGroup>
                <dPersonnel.09 PhoneNumberType="9913009">708-389-6290</dPersonnel.09>
                <dPersonnel.10 EmailAddressType="9904003">nxxYkaPH@YPpI.com</dPersonnel.10>
                <dPersonnel.11>2009-02-18</dPersonnel.11>
                <dPersonnel.12>9906005</dPersonnel.12>
                <dPersonnel.13>1513011</dPersonnel.13>
                <dPersonnel.14>op</dPersonnel.14>
                <dPersonnel.15>1515031</dPersonnel.15>
                <dPersonnel.16>1516071</dPersonnel.16>
                <dPersonnel.17>1517023</dPersonnel.17>
                <dPersonnel.ImmunizationsGroup UUID="bc7ffa81-f7c9-4a53-b793-d9c1be42abc6">
                    <dPersonnel.18>9910051</dPersonnel.18>
                    <dPersonnel.19>1913</dPersonnel.19></dPersonnel.ImmunizationsGroup>
                <dPersonnel.20>yid</dPersonnel.20>
                <dPersonnel.21>P7</dPersonnel.21>
                <dPersonnel.LicensureGroup UUID="893085a6-075a-46c0-b8d4-c84904c9ee1d">
                    <dPersonnel.22>49</dPersonnel.22>
                    <dPersonnel.23>AR</dPersonnel.23>
                    <dPersonnel.24>9925043</dPersonnel.24>
                    <dPersonnel.25>1964-06-21</dPersonnel.25>
                    <dPersonnel.26>1954-06-03</dPersonnel.26>
                    <dPersonnel.27>1955-11-26</dPersonnel.27></dPersonnel.LicensureGroup>
                <dPersonnel.28>L5696959</dPersonnel.28>
                <dPersonnel.29>1529005</dPersonnel.29>
                <dPersonnel.30>1990-02-27</dPersonnel.30>
                <dPersonnel.31>1531007</dPersonnel.31>
                <dPersonnel.32>1951-04-29</dPersonnel.32>
                <dPersonnel.33>1954-11-18</dPersonnel.33>
                <dPersonnel.34>1534017</dPersonnel.34>
                <dPersonnel.35>1534017</dPersonnel.35>
                <dPersonnel.36>17</dPersonnel.36>
                <dPersonnel.37>1956-09-17</dPersonnel.37>
                <dPersonnel.CertificationLevelGroup UUID="910b6c13-1734-428d-b303-be31197f4b7a">
                    <dPersonnel.38>9925043</dPersonnel.38>
                    <dPersonnel.39>1997-10-05</dPersonnel.39></dPersonnel.CertificationLevelGroup></dPersonnel.PersonnelGroup></dPersonnel>
        <dDevice>
            <dDevice.DeviceGroup UUID="02699160-9f80-4925-9308-fb317d5528f9">
                <dDevice.01>tX</dDevice.01>
                <dDevice.02>jk</dDevice.02>
                <dDevice.03>1603039</dDevice.03>
                <dDevice.04>zW</dDevice.04>
                <dDevice.05>VV</dDevice.05>
                <dDevice.06>1972-08-06</dDevice.06></dDevice.DeviceGroup></dDevice>
        <dFacility>
            <dFacilityGroup UUID="0f8ae9bd-fd00-4afb-9ee7-c604bd20e0de">
                <dFacility.01>1701017</dFacility.01>
                <dFacility.FacilityGroup UUID="d37c4d64-4b9e-4e34-8317-86d1a0eb0eb3">
                    <dFacility.02>PW</dFacility.02>
                    <dFacility.03>Tb</dFacility.03>
                    <dFacility.04>9908035</dFacility.04>
                    <dFacility.05>ZB3IJgQUtn</dFacility.05>
                    <dFacility.06>J</dFacility.06>
                    <dFacility.07 StreetAddress2="G">1222 Quam. Av.</dFacility.07>
                    <dFacility.08>1444486</dFacility.08>
                    <dFacility.09>49</dFacility.09>
                    <dFacility.10>84414</dFacility.10>
                    <dFacility.11>49057</dFacility.11>
                    <dFacility.12>US</dFacility.12>
                    <dFacility.13>41.315661,-111.978351</dFacility.13>
                    <dFacility.14>12SCE75208596</dFacility.14>
                    <dFacility.15 PhoneNumberType="9913009">914-545-5176</dFacility.15></dFacility.FacilityGroup></dFacilityGroup></dFacility></DemographicReport></DEMDataSet>