
<DEMDataSet xmlns:xsi="http://www.w3.org/2001/XMLSchema-instance" xsi:schemaLocation="http://www.nemsis.org http://nemsis.org/media/nemsis_v3/release-3.5.0/XSDs/NEMSIS_XSDs/DEMDataSet_v3.xsd" xmlns="http://www.nemsis.org">
    <DemographicReport timeStamp="2015-03-03T13:29:39+07:00">
        <dAgency>
            <dAgency.01>1</dAgency.01>
            <dAgency.02>11</dAgency.02>
            <dAgency.03>dX</dAgency.03>
            <dAgency.04>49</dAgency.04>
            <dAgency.AgencyServiceGroup UUID="f6fc159a-0b2e-4df8-a6d4-bdaaeffb2fbd">
                <dAgency.05>49</dAgency.05>
                <dAgency.06>49035</dAgency.06>
                <dAgency.06>49035</dAgency.06>
                <dAgency.07>49441952884</dAgency.07>
                <dAgency.07>78865404520</dAgency.07>
                <dAgency.07>53426808547</dAgency.07>
                <dAgency.08>84106</dAgency.08>
                <dAgency.08>84106</dAgency.08></dAgency.AgencyServiceGroup>
            <dAgency.AgencyServiceGroup UUID="2de6644b-cbc0-456c-ac21-4e62fbe6c0d1">
                <dAgency.05>49</dAgency.05>
                <dAgency.06>49035</dAgency.06>
                <dAgency.06>49035</dAgency.06>
                <dAgency.06>49035</dAgency.06>
                <dAgency.07>11575482272</dAgency.07>
                <dAgency.07>32354877314</dAgency.07>
                <dAgency.08>84106</dAgency.08>
                <dAgency.08>84106</dAgency.08></dAgency.AgencyServiceGroup>
            <dAgency.AgencyServiceGroup UUID="296b2bcf-0b46-416b-8bbc-1fee51393e93">
                <dAgency.05>49</dAgency.05>
                <dAgency.06>49035</dAgency.06>
                <dAgency.06>49035</dAgency.06>
                <dAgency.07>86799592236</dAgency.07>
                <dAgency.07>58752149354</dAgency.07>
                <dAgency.08>84106</dAgency.08>
                <dAgency.08>84106</dAgency.08>
                <dAgency.08>84106</dAgency.08></dAgency.AgencyServiceGroup>
            <dAgency.09>9920019</dAgency.09>
            <dAgency.10>9920019</dAgency.10>
            <dAgency.10>9920017</dAgency.10>
            <dAgency.10>9920015</dAgency.10>
            <dAgency.11>9917031</dAgency.11>
            <dAgency.12>1016005</dAgency.12>
            <dAgency.13>9912009</dAgency.13>
            <dAgency.14>1018005</dAgency.14>
            <dAgency.AgencyYearGroup UUID="9430a2a6-95c8-4aed-856a-8f56ef4163d0">
                <dAgency.15>1952</dAgency.15>
                <dAgency.16>52458</dAgency.16>
                <dAgency.17>785594</dAgency.17>
                <dAgency.18>2763676</dAgency.18>
                <dAgency.19>2938302</dAgency.19>
                <dAgency.20>2081782</dAgency.20>
                <dAgency.21>860552</dAgency.21>
                <dAgency.22>182273</dAgency.22></dAgency.AgencyYearGroup>
            <dAgency.AgencyYearGroup UUID="59c3d4c4-ed7e-4d59-b064-03aec71ba930">
                <dAgency.15>2037</dAgency.15>
                <dAgency.16>3775542</dAgency.16>
                <dAgency.17>48644</dAgency.17>
                <dAgency.18>785637</dAgency.18>
                <dAgency.19>1102766</dAgency.19>
                <dAgency.20>3001684</dAgency.20>
                <dAgency.21>54844</dAgency.21>
                <dAgency.22>3100614</dAgency.22></dAgency.AgencyYearGroup>
            <dAgency.AgencyYearGroup UUID="eeb22cff-3c6d-455c-8089-c3b3aa2692e6">
                <dAgency.15>1954</dAgency.15>
                <dAgency.16>394168</dAgency.16>
                <dAgency.17>492979</dAgency.17>
                <dAgency.18>2421375</dAgency.18>
                <dAgency.19>223381</dAgency.19>
                <dAgency.20>3796535</dAgency.20>
                <dAgency.21>2761894</dAgency.21>
                <dAgency.22>551941</dAgency.22></dAgency.AgencyYearGroup>
            <dAgency.23>1027017</dAgency.23>
            <dAgency.24>9923003</dAgency.24>
            <dAgency.25>kkUq0YfERo</dAgency.25>
            <dAgency.25>ekZLbdrk0k</dAgency.25>
            <dAgency.25>nebwogHjte</dAgency.25>
            <dAgency.26>M</dAgency.26>
            <dAgency.26>1</dAgency.26>
            <dAgency.26>F</dAgency.26></dAgency>
        <dContact>
            <dContact.ContactInfoGroup UUID="47026d5a-fdf3-4dc2-9848-d2e7a224477d">
                <dContact.01>1101017</dContact.01>
                <dContact.02>Poole</dContact.02>
                <dContact.03>Sabrina</dContact.03>
                <dContact.04>Angel</dContact.04>
                <dContact.05 StreetAddress2="F">Ap #645-3248 Ac Rd.</dContact.05>
                <dContact.06>1445935</dContact.06>
                <dContact.07>49</dContact.07>
                <dContact.08>84403</dContact.08>
                <dContact.09>US</dContact.09>
                <dContact.10 PhoneNumberType="9913009">727-418-7565</dContact.10>
                <dContact.10 PhoneNumberType="9913009">718-543-0873</dContact.10>
                <dContact.10 PhoneNumberType="9913009">550-817-3453</dContact.10>
                <dContact.11 EmailAddressType="9904003">xF74QfRU@kMHo.com</dContact.11>
                <dContact.11 EmailAddressType="9904003">4khayK6E@Geby.com</dContact.11>
                <dContact.12>Kqt</dContact.12>
                <dContact.EMSMedicalDirectorGroup>
                    <dContact.13>1113003</dContact.13>
                    <dContact.14>1114043</dContact.14>
                    <dContact.14>1114041</dContact.14>
                    <dContact.15>1115003</dContact.15>
                    <dContact.16>9923003</dContact.16></dContact.EMSMedicalDirectorGroup></dContact.ContactInfoGroup>
            <dContact.ContactInfoGroup UUID="4cb7952c-1ffc-40c3-8459-9efab8b6b1b7">
                <dContact.01>1101017</dContact.01>
                <dContact.02>Garner</dContact.02>
                <dContact.03>Jeffery</dContact.03>
                <dContact.04>Albert</dContact.04>
                <dContact.05 StreetAddress2="4">P.O. Box 552, 4356 Vitae Street</dContact.05>
                <dContact.06>1439326</dContact.06>
                <dContact.07>49</dContact.07>
                <dContact.08>84057</dContact.08>
                <dContact.09>US</dContact.09>
                <dContact.10 PhoneNumberType="9913009">330-780-4613</dContact.10>
                <dContact.10 PhoneNumberType="9913009">565-884-8318</dContact.10>
                <dContact.10 PhoneNumberType="9913009">733-445-3143</dContact.10>
                <dContact.11 EmailAddressType="9904003">trvuM14N@JswC.com</dContact.11>
                <dContact.11 EmailAddressType="9904003">mT2kgYUR@RRn6.com</dContact.11>
                <dContact.11 EmailAddressType="9904003">5PtXxxiv@S9vc.com</dContact.11>
                <dContact.12>Phk</dContact.12>
                <dContact.EMSMedicalDirectorGroup>
                    <dContact.13>1113003</dContact.13>
                    <dContact.14>1114043</dContact.14>
                    <dContact.14>1114041</dContact.14>
                    <dContact.14>1114039</dContact.14>
                    <dContact.15>1115003</dContact.15>
                    <dContact.16>9923003</dContact.16></dContact.EMSMedicalDirectorGroup></dContact.ContactInfoGroup></dContact>
        <dConfiguration>
            <dConfiguration.ConfigurationGroup UUID="198bf6d6-40c6-4600-bbfa-c9b370ce2c15">
                <dConfiguration.01>49</dConfiguration.01>
                <dConfiguration.ProcedureGroup UUID="36552703-3153-4a07-895a-a9e6770f4c99">
                    <dConfiguration.06>9917031</dConfiguration.06>
                    <dConfiguration.07>250784008</dConfiguration.07>
                    <dConfiguration.07>427753009</dConfiguration.07></dConfiguration.ProcedureGroup>
                <dConfiguration.ProcedureGroup UUID="0113931a-0920-47c7-9573-e7b752d678d3">
                    <dConfiguration.06>9917031</dConfiguration.06>
                    <dConfiguration.07>428482009</dConfiguration.07>
                    <dConfiguration.07>441893003</dConfiguration.07></dConfiguration.ProcedureGroup>
                <dConfiguration.ProcedureGroup UUID="6a9bc03b-22e2-475f-8877-2a97ddbc6a7a">
                    <dConfiguration.06>9917031</dConfiguration.06>
                    <dConfiguration.07>232673005</dConfiguration.07>
                    <dConfiguration.07>232707004</dConfiguration.07>
                    <dConfiguration.07>250788006</dConfiguration.07></dConfiguration.ProcedureGroup>
                <dConfiguration.MedicationGroup UUID="3f1db3f1-8d40-41c0-9254-0e6151563467">
                    <dConfiguration.08>9917031</dConfiguration.08>
                    <dConfiguration.09 CodeType="9924003">237372</dConfiguration.09>
                    <dConfiguration.09 CodeType="9924003">237648</dConfiguration.09>
                    <dConfiguration.09 CodeType="9924003">237653</dConfiguration.09></dConfiguration.MedicationGroup>
                <dConfiguration.MedicationGroup UUID="943bccba-f902-4049-a4e0-ffe1cbb55d53">
                    <dConfiguration.08>9917031</dConfiguration.08>
                    <dConfiguration.09 CodeType="9924003">259280</dConfiguration.09>
                    <dConfiguration.09 CodeType="9924003">2599</dConfiguration.09>
                    <dConfiguration.09 CodeType="9924003">260258</dConfiguration.09></dConfiguration.MedicationGroup>
                <dConfiguration.MedicationGroup UUID="92058d27-c7af-40be-9d64-9088491b3d0b">
                    <dConfiguration.08>9917031</dConfiguration.08>
                    <dConfiguration.09 CodeType="9924003">26225</dConfiguration.09>
                    <dConfiguration.09 CodeType="9924003">272</dConfiguration.09>
                    <dConfiguration.09 CodeType="9924003">296</dConfiguration.09></dConfiguration.MedicationGroup>
                <dConfiguration.10>9914225</dConfiguration.10>
                <dConfiguration.10>9914223</dConfiguration.10>
                <dConfiguration.10>9914221</dConfiguration.10>
                <dConfiguration.11>1211035</dConfiguration.11>
                <dConfiguration.11>1211033</dConfiguration.11>
                <dConfiguration.11>1211031</dConfiguration.11>
                <dConfiguration.12>9923003</dConfiguration.12>
                <dConfiguration.13>1213005</dConfiguration.13>
                <dConfiguration.14>aV</dConfiguration.14>
                <dConfiguration.14>XO</dConfiguration.14>
                <dConfiguration.14>m4</dConfiguration.14>
                <dConfiguration.15>1215019</dConfiguration.15>
                <dConfiguration.15>1215017</dConfiguration.15>
                <dConfiguration.15>1215015</dConfiguration.15>
                <dConfiguration.16>I</dConfiguration.16>
                <dConfiguration.16>b</dConfiguration.16>
                <dConfiguration.16>g</dConfiguration.16>
                <dConfiguration.17>NC</dConfiguration.17>
                <dConfiguration.17>68</dConfiguration.17></dConfiguration.ConfigurationGroup>
            <dConfiguration.ConfigurationGroup UUID="a7a1c30b-c441-4083-bb45-300df55584df">
                <dConfiguration.01>49</dConfiguration.01>
                <dConfiguration.ProcedureGroup UUID="ec8377ef-1bf1-432c-b1e7-7b5d8aaf831c">
                    <dConfiguration.06>9917031</dConfiguration.06>
                    <dConfiguration.07>284029005</dConfiguration.07>
                    <dConfiguration.07>271280005</dConfiguration.07>
                    <dConfiguration.07>398024006</dConfiguration.07></dConfiguration.ProcedureGroup>
                <dConfiguration.ProcedureGroup UUID="ed570b77-f27c-4161-8964-89f907e115ef">
                    <dConfiguration.06>9917031</dConfiguration.06>
                    <dConfiguration.07>398279005</dConfiguration.07>
                    <dConfiguration.07>405639008</dConfiguration.07>
                    <dConfiguration.07>56251003</dConfiguration.07></dConfiguration.ProcedureGroup>
                <dConfiguration.ProcedureGroup UUID="550005d8-93fe-4942-bc11-cd7326117b53">
                    <dConfiguration.06>9917031</dConfiguration.06>
                    <dConfiguration.07>232664002</dConfiguration.07>
                    <dConfiguration.07>232665001</dConfiguration.07>
                    <dConfiguration.07>232666000</dConfiguration.07></dConfiguration.ProcedureGroup>
                <dConfiguration.MedicationGroup UUID="0c26c59d-506b-41f2-ba72-e3bff3d694bc">
                    <dConfiguration.08>9917031</dConfiguration.08>
                    <dConfiguration.09 CodeType="9924003">309778</dConfiguration.09>
                    <dConfiguration.09 CodeType="9924003">313002</dConfiguration.09>
                    <dConfiguration.09 CodeType="9924003">314610</dConfiguration.09></dConfiguration.MedicationGroup>
                <dConfiguration.MedicationGroup UUID="5de207fd-dbf5-42a0-94a1-030caf22a68e">
                    <dConfiguration.08>9917031</dConfiguration.08>
                    <dConfiguration.09 CodeType="9924003">317361</dConfiguration.09>
                    <dConfiguration.09 CodeType="9924003">3264</dConfiguration.09></dConfiguration.MedicationGroup>
                <dConfiguration.10>9914225</dConfiguration.10>
                <dConfiguration.10>9914223</dConfiguration.10>
                <dConfiguration.10>9914221</dConfiguration.10>
                <dConfiguration.11>1211035</dConfiguration.11>
                <dConfiguration.11>1211033</dConfiguration.11>
                <dConfiguration.11>1211031</dConfiguration.11>
                <dConfiguration.12>9923003</dConfiguration.12>
                <dConfiguration.13>1213005</dConfiguration.13>
                <dConfiguration.14>52</dConfiguration.14>
                <dConfiguration.14>xa</dConfiguration.14>
                <dConfiguration.14>iX</dConfiguration.14>
                <dConfiguration.15>1215019</dConfiguration.15>
                <dConfiguration.15>1215017</dConfiguration.15>
                <dConfiguration.16>Y</dConfiguration.16>
                <dConfiguration.16>6</dConfiguration.16>
                <dConfiguration.16>U</dConfiguration.16>
                <dConfiguration.17>1y</dConfiguration.17>
                <dConfiguration.17>ix</dConfiguration.17></dConfiguration.ConfigurationGroup></dConfiguration>
        <dLocation>
            <dLocation.LocationGroup UUID="ccc1c2a3-0505-48a0-ac44-438e66189ba4">
                <dLocation.01>1301007</dLocation.01>
                <dLocation.02>Np</dLocation.02>
                <dLocation.03>8</dLocation.03>
                <dLocation.04>39.220217,-111.869307</dLocation.04>
                <dLocation.05>17SJC60416634</dLocation.05>
                <dLocation.06 StreetAddress2="z">Ap #292-4882 Tempus Street</dLocation.06>
                <dLocation.07>1427897</dLocation.07>
                <dLocation.08>49</dLocation.08>
                <dLocation.09>84630</dLocation.09>
                <dLocation.10>49039</dLocation.10>
                <dLocation.11>US</dLocation.11>
                <dLocation.12 PhoneNumberType="9913009">382-438-6715</dLocation.12>
                <dLocation.12 PhoneNumberType="9913009">553-513-5651</dLocation.12>
                <dLocation.12 PhoneNumberType="9913009">343-327-7563</dLocation.12></dLocation.LocationGroup>
            <dLocation.LocationGroup UUID="faae9fc9-8098-49e6-b922-1df2a4ad1854">
                <dLocation.01>1301007</dLocation.01>
                <dLocation.02>u4</dLocation.02>
                <dLocation.03>S</dLocation.03>
                <dLocation.04>40.032330,-111.658857</dLocation.04>
                <dLocation.05>11TGM31627151</dLocation.05>
                <dLocation.06 StreetAddress2="P">863-290 Rutrum Street</dLocation.06>
                <dLocation.07>1445262</dLocation.07>
                <dLocation.08>49</dLocation.08>
                <dLocation.09>84653</dLocation.09>
                <dLocation.10>49049</dLocation.10>
                <dLocation.11>US</dLocation.11>
                <dLocation.12 PhoneNumberType="9913009">551-852-1716</dLocation.12>
                <dLocation.12 PhoneNumberType="9913009">686-479-4413</dLocation.12></dLocation.LocationGroup>
            <dLocation.LocationGroup UUID="6df0006b-2463-43ba-bc86-442369ad9b42">
                <dLocation.01>1301007</dLocation.01>
                <dLocation.02>oG</dLocation.02>
                <dLocation.03>I</dLocation.03>
                <dLocation.04>39.362915,-112.574399</dLocation.04>
                <dLocation.05>13RNQ36333838</dLocation.05>
                <dLocation.06 StreetAddress2="m">599-3469 Ac Rd.</dLocation.06>
                <dLocation.07>1453732</dLocation.07>
                <dLocation.08>49</dLocation.08>
                <dLocation.09>84624</dLocation.09>
                <dLocation.10>49027</dLocation.10>
                <dLocation.11>US</dLocation.11>
                <dLocation.12 PhoneNumberType="9913009">485-434-0487</dLocation.12>
                <dLocation.12 PhoneNumberType="9913009">420-326-4227</dLocation.12>
                <dLocation.12 PhoneNumberType="9913009">478-207-8482</dLocation.12></dLocation.LocationGroup></dLocation>
        <dVehicle>
            <dVehicle.VehicleGroup UUID="6d5cf091-3960-4852-a2c7-bdfb2fd97102">
                <dVehicle.01>D</dVehicle.01>
                <dVehicle.02>xCKRkPaCm5Et50vrX</dVehicle.02>
                <dVehicle.03>p</dVehicle.03>
                <dVehicle.04>1404025</dVehicle.04>
                <dVehicle.VehicleCertificationLevelsGroup UUID="4f8db3bc-b587-41ec-9eb8-9e2bf04b4b2b">
                    <dVehicle.05>9917031</dVehicle.05>
                    <dVehicle.06>8</dVehicle.06>
                    <dVehicle.07>4</dVehicle.07>
                    <dVehicle.08>10</dVehicle.08></dVehicle.VehicleCertificationLevelsGroup>
                <dVehicle.VehicleCertificationLevelsGroup UUID="ab4e5ee0-22d4-4f80-91e0-fa69bac2c26d">
                    <dVehicle.05>9917031</dVehicle.05>
                    <dVehicle.06>4</dVehicle.06>
                    <dVehicle.07>11</dVehicle.07>
                    <dVehicle.08>8</dVehicle.08></dVehicle.VehicleCertificationLevelsGroup>
                <dVehicle.09>167630</dVehicle.09>
                <dVehicle.10>2023</dVehicle.10>
                <dVehicle.YearGroup UUID="b5d14b54-b3e4-4d32-9df1-e4a971ea903e">
                    <dVehicle.11>1920</dVehicle.11>
                    <dVehicle.12>1218</dVehicle.12>
                    <dVehicle.13 DistanceUnit="9929003">802.0</dVehicle.13></dVehicle.YearGroup>
                <dVehicle.YearGroup UUID="42fa55ef-7881-43bc-b7d7-11efd014045d">
                    <dVehicle.11>1977</dVehicle.11>
                    <dVehicle.12>26</dVehicle.12>
                    <dVehicle.13 DistanceUnit="9929003">321.0</dVehicle.13></dVehicle.YearGroup></dVehicle.VehicleGroup>
            <dVehicle.VehicleGroup UUID="851b15f1-a5b1-49ca-923d-71c507345e12">
                <dVehicle.01>d</dVehicle.01>
                <dVehicle.02>YoOHPfuCiIeG3UtX8</dVehicle.02>
                <dVehicle.03>F</dVehicle.03>
                <dVehicle.04>1404025</dVehicle.04>
                <dVehicle.VehicleCertificationLevelsGroup UUID="b7a60c40-e988-42af-bc40-8f9478a924a6">
                    <dVehicle.05>9917031</dVehicle.05>
                    <dVehicle.06>6</dVehicle.06>
                    <dVehicle.07>1</dVehicle.07>
                    <dVehicle.08>6</dVehicle.08></dVehicle.VehicleCertificationLevelsGroup>
                <dVehicle.VehicleCertificationLevelsGroup UUID="3b13c4b1-e89f-46d8-b41b-ad7fa62fa540">
                    <dVehicle.05>9917031</dVehicle.05>
                    <dVehicle.06>1</dVehicle.06>
                    <dVehicle.07>4</dVehicle.07>
                    <dVehicle.08>1</dVehicle.08></dVehicle.VehicleCertificationLevelsGroup>
                <dVehicle.VehicleCertificationLevelsGroup UUID="32a7ab52-9f43-45d1-bbde-625d6280ca11">
                    <dVehicle.05>9917031</dVehicle.05>
                    <dVehicle.06>3</dVehicle.06>
                    <dVehicle.07>6</dVehicle.07>
                    <dVehicle.08>11</dVehicle.08></dVehicle.VehicleCertificationLevelsGroup>
                <dVehicle.09>1351374</dVehicle.09>
                <dVehicle.10>1973</dVehicle.10>
                <dVehicle.YearGroup UUID="2c613c33-f666-4817-8e8b-77891a1fd4a5">
                    <dVehicle.11>2024</dVehicle.11>
                    <dVehicle.12>9793</dVehicle.12>
                    <dVehicle.13 DistanceUnit="9929003">255.0</dVehicle.13></dVehicle.YearGroup>
                <dVehicle.YearGroup UUID="2f29817a-2263-45cf-8dff-d4bade34649f">
                    <dVehicle.11>1981</dVehicle.11>
                    <dVehicle.12>4722</dVehicle.12>
                    <dVehicle.13 DistanceUnit="9929003">432.0</dVehicle.13></dVehicle.YearGroup></dVehicle.VehicleGroup>
            <dVehicle.VehicleGroup UUID="d8eb870f-33a7-4049-85c7-8e0bf6961bd8">
                <dVehicle.01>z</dVehicle.01>
                <dVehicle.02>IJKehc0OhDXzgCBAj</dVehicle.02>
                <dVehicle.03>6</dVehicle.03>
                <dVehicle.04>1404025</dVehicle.04>
                <dVehicle.VehicleCertificationLevelsGroup UUID="92353c0e-8e84-4b24-8e57-8b0ea830f524">
                    <dVehicle.05>9917031</dVehicle.05>
                    <dVehicle.06>9</dVehicle.06>
                    <dVehicle.07>5</dVehicle.07>
                    <dVehicle.08>3</dVehicle.08></dVehicle.VehicleCertificationLevelsGroup>
                <dVehicle.VehicleCertificationLevelsGroup UUID="302901a1-a077-4755-be1d-4b8bb836df73">
                    <dVehicle.05>9917031</dVehicle.05>
                    <dVehicle.06>4</dVehicle.06>
                    <dVehicle.07>1</dVehicle.07>
                    <dVehicle.08>11</dVehicle.08></dVehicle.VehicleCertificationLevelsGroup>
                <dVehicle.VehicleCertificationLevelsGroup UUID="53fdef83-0d67-4f56-989d-36bb94ce8fe4">
                    <dVehicle.05>9917031</dVehicle.05>
                    <dVehicle.06>7</dVehicle.06>
                    <dVehicle.07>4</dVehicle.07>
                    <dVehicle.08>7</dVehicle.08></dVehicle.VehicleCertificationLevelsGroup>
                <dVehicle.09>9331700</dVehicle.09>
                <dVehicle.10>1937</dVehicle.10>
                <dVehicle.YearGroup UUID="2ebe092b-909f-4d53-9309-beeb820ff7e9">
                    <dVehicle.11>2048</dVehicle.11>
                    <dVehicle.12>5318</dVehicle.12>
                    <dVehicle.13 DistanceUnit="9929003">789.0</dVehicle.13></dVehicle.YearGroup>
                <dVehicle.YearGroup UUID="a61083ba-87c4-4094-a969-575f4384c7ec">
                    <dVehicle.11>1948</dVehicle.11>
                    <dVehicle.12>7751</dVehicle.12>
                    <dVehicle.13 DistanceUnit="9929003">571.0</dVehicle.13></dVehicle.YearGroup>
                <dVehicle.YearGroup UUID="7f210029-0ce6-40d9-803d-505fc680a088">
                    <dVehicle.11>1958</dVehicle.11>
                    <dVehicle.12>7137</dVehicle.12>
                    <dVehicle.13 DistanceUnit="9929003">178.0</dVehicle.13></dVehicle.YearGroup></dVehicle.VehicleGroup></dVehicle>
        <dPersonnel>
            <dPersonnel.PersonnelGroup UUID="96af39d9-107f-4baf-b84f-f16a4990f112">
                <dPersonnel.NameGroup>
                    <dPersonnel.01>Fletcher</dPersonnel.01>
                    <dPersonnel.02>Loretta</dPersonnel.02>
                    <dPersonnel.03>Albertson</dPersonnel.03></dPersonnel.NameGroup>
                <dPersonnel.AddressGroup>
                    <dPersonnel.04 StreetAddress2="f">962-469 Ligula. St.</dPersonnel.04>
                    <dPersonnel.05>1437564</dPersonnel.05>
                    <dPersonnel.06>49</dPersonnel.06>
                    <dPersonnel.07>84027</dPersonnel.07>
                    <dPersonnel.08>US</dPersonnel.08></dPersonnel.AddressGroup>
                <dPersonnel.09 PhoneNumberType="9913009">666-833-7608</dPersonnel.09>
                <dPersonnel.09 PhoneNumberType="9913009">319-895-3633</dPersonnel.09>
                <dPersonnel.10 EmailAddressType="9904003">YAfTdzme@WM39.com</dPersonnel.10>
                <dPersonnel.10 EmailAddressType="9904003">frQ58jkI@vjZ4.com</dPersonnel.10>
                <dPersonnel.10 EmailAddressType="9904003">hATISxeV@hfYI.com</dPersonnel.10>
                <dPersonnel.11>2006-04-12</dPersonnel.11>
                <dPersonnel.12>9906005</dPersonnel.12>
                <dPersonnel.13>1513011</dPersonnel.13>
                <dPersonnel.13>1513009</dPersonnel.13>
                <dPersonnel.14>Ub</dPersonnel.14>
                <dPersonnel.15>1515031</dPersonnel.15>
                <dPersonnel.16>1516071</dPersonnel.16>
                <dPersonnel.16>1516069</dPersonnel.16>
                <dPersonnel.17>1517023</dPersonnel.17>
                <dPersonnel.17>1517021</dPersonnel.17>
                <dPersonnel.17>1517019</dPersonnel.17>
                <dPersonnel.ImmunizationsGroup UUID="5f30aa15-62c9-4cc2-ac41-33e2c95a5685">
                    <dPersonnel.18>9910051</dPersonnel.18>
                    <dPersonnel.19>2028</dPersonnel.19></dPersonnel.ImmunizationsGroup>
                <dPersonnel.ImmunizationsGroup UUID="648a7c94-5a43-4bbf-80ff-4e9f08dad3db">
                    <dPersonnel.18>9910051</dPersonnel.18>
                    <dPersonnel.19>1939</dPersonnel.19></dPersonnel.ImmunizationsGroup>
                <dPersonnel.20>yid</dPersonnel.20>
                <dPersonnel.20>vie</dPersonnel.20>
                <dPersonnel.20>ukr</dPersonnel.20>
                <dPersonnel.21>z6</dPersonnel.21>
                <dPersonnel.LicensureGroup UUID="31b7572d-07ff-4836-b879-4f059453e16d">
                    <dPersonnel.22>49</dPersonnel.22>
                    <dPersonnel.23>Ee</dPersonnel.23>
                    <dPersonnel.24>9925043</dPersonnel.24>
                    <dPersonnel.25>1995-10-17</dPersonnel.25>
                    <dPersonnel.26>1960-11-09</dPersonnel.26>
                    <dPersonnel.27>2001-11-30</dPersonnel.27></dPersonnel.LicensureGroup>
                <dPersonnel.LicensureGroup UUID="e1e3c2f0-d2d2-4f2a-bbff-c9681cbd099d">
                    <dPersonnel.22>49</dPersonnel.22>
                    <dPersonnel.23>5T</dPersonnel.23>
                    <dPersonnel.24>9925043</dPersonnel.24>
                    <dPersonnel.25>1985-02-02</dPersonnel.25>
                    <dPersonnel.26>1971-02-13</dPersonnel.26>
                    <dPersonnel.27>1984-09-06</dPersonnel.27></dPersonnel.LicensureGroup>
                <dPersonnel.LicensureGroup UUID="ca0f19ae-aaba-43ea-986a-8e8246eb24b2">
                    <dPersonnel.22>49</dPersonnel.22>
                    <dPersonnel.23>pk</dPersonnel.23>
                    <dPersonnel.24>9925043</dPersonnel.24>
                    <dPersonnel.25>1967-11-20</dPersonnel.25>
                    <dPersonnel.26>1981-04-11</dPersonnel.26>
                    <dPersonnel.27>1998-12-22</dPersonnel.27></dPersonnel.LicensureGroup>
                <dPersonnel.28>C7713853</dPersonnel.28>
                <dPersonnel.29>1529005</dPersonnel.29>
                <dPersonnel.30>1995-02-22</dPersonnel.30>
                <dPersonnel.31>1531007</dPersonnel.31>
                <dPersonnel.32>1961-11-22</dPersonnel.32>
                <dPersonnel.33>2008-03-02</dPersonnel.33>
                <dPersonnel.34>1534017</dPersonnel.34>
                <dPersonnel.35>1534017</dPersonnel.35>
                <dPersonnel.35>1534015</dPersonnel.35>
                <dPersonnel.35>1534013</dPersonnel.35>
                <dPersonnel.36>14</dPersonnel.36>
                <dPersonnel.37>1986-04-01</dPersonnel.37>
                <dPersonnel.CertificationLevelGroup UUID="c3ab3ddd-bd37-4f9a-b2bc-64587b53f949">
                    <dPersonnel.38>9925043</dPersonnel.38>
                    <dPersonnel.39>1954-03-18</dPersonnel.39></dPersonnel.CertificationLevelGroup>
                <dPersonnel.CertificationLevelGroup UUID="94d5fa30-446f-44b3-b8ac-3e784721251a">
                    <dPersonnel.38>9925043</dPersonnel.38>
                    <dPersonnel.39>2009-02-23</dPersonnel.39></dPersonnel.CertificationLevelGroup>
                <dPersonnel.CertificationLevelGroup UUID="7754a800-d818-42de-9e53-6a8cec0b2f56">
                    <dPersonnel.38>9925043</dPersonnel.38>
                    <dPersonnel.39>1969-08-28</dPersonnel.39></dPersonnel.CertificationLevelGroup></dPersonnel.PersonnelGroup>
            <dPersonnel.PersonnelGroup UUID="7754a800-d818-42de-9e53-6a8cec0b2f56">
                <dPersonnel.NameGroup>
                    <dPersonnel.01>Duncan</dPersonnel.01>
                    <dPersonnel.02>Carroll</dPersonnel.02>
                    <dPersonnel.03>Abernathy</dPersonnel.03></dPersonnel.NameGroup>
                <dPersonnel.AddressGroup>
                    <dPersonnel.04 StreetAddress2="m">P.O. Box 929, 4548 Dolor. Road</dPersonnel.04>
                    <dPersonnel.05>1454997</dPersonnel.05>
                    <dPersonnel.06>49</dPersonnel.06>
                    <dPersonnel.07>84124</dPersonnel.07>
                    <dPersonnel.08>US</dPersonnel.08></dPersonnel.AddressGroup>
                <dPersonnel.09 PhoneNumberType="9913009">480-990-1123</dPersonnel.09>
                <dPersonnel.09 PhoneNumberType="9913009">774-387-4037</dPersonnel.09>
                <dPersonnel.09 PhoneNumberType="9913009">495-867-5110</dPersonnel.09>
                <dPersonnel.10 EmailAddressType="9904003">jByBvmm0@k439.com</dPersonnel.10>
                <dPersonnel.10 EmailAddressType="9904003">Cs2LFYd5@TJuK.com</dPersonnel.10>
                <dPersonnel.11>1972-09-12</dPersonnel.11>
                <dPersonnel.12>9906005</dPersonnel.12>
                <dPersonnel.13>1513011</dPersonnel.13>
                <dPersonnel.13>1513009</dPersonnel.13>
                <dPersonnel.14>z6</dPersonnel.14>
                <dPersonnel.15>1515031</dPersonnel.15>
                <dPersonnel.16>1516071</dPersonnel.16>
                <dPersonnel.16>1516069</dPersonnel.16>
                <dPersonnel.17>1517023</dPersonnel.17>
                <dPersonnel.17>1517021</dPersonnel.17>
                <dPersonnel.ImmunizationsGroup UUID="caaff595-a212-40f7-9dab-e61632cb687f">
                    <dPersonnel.18>9910051</dPersonnel.18>
                    <dPersonnel.19>2030</dPersonnel.19></dPersonnel.ImmunizationsGroup>
                <dPersonnel.ImmunizationsGroup UUID="4f29e62d-eaf5-4125-bece-a1b1ea04ef25">
                    <dPersonnel.18>9910051</dPersonnel.18>
                    <dPersonnel.19>1965</dPersonnel.19></dPersonnel.ImmunizationsGroup>
                <dPersonnel.ImmunizationsGroup UUID="c8a15606-1330-4205-858e-afd6e6798ec9">
                    <dPersonnel.18>9910051</dPersonnel.18>
                    <dPersonnel.19>1974</dPersonnel.19></dPersonnel.ImmunizationsGroup>
                <dPersonnel.20>yid</dPersonnel.20>
                <dPersonnel.20>vie</dPersonnel.20>
                <dPersonnel.21>3V</dPersonnel.21>
                <dPersonnel.LicensureGroup UUID="134612f5-9ea6-47a7-8ff9-bb8e580ce020">
                    <dPersonnel.22>49</dPersonnel.22>
                    <dPersonnel.23>9l</dPersonnel.23>
                    <dPersonnel.24>9925043</dPersonnel.24>
                    <dPersonnel.25>1986-08-14</dPersonnel.25>
                    <dPersonnel.26>2011-01-15</dPersonnel.26>
                    <dPersonnel.27>1962-05-31</dPersonnel.27></dPersonnel.LicensureGroup>
                <dPersonnel.LicensureGroup UUID="5ff8cd9f-0862-4a58-ad24-637eca4b3073">
                    <dPersonnel.22>49</dPersonnel.22>
                    <dPersonnel.23>1a</dPersonnel.23>
                    <dPersonnel.24>9925043</dPersonnel.24>
                    <dPersonnel.25>1958-11-06</dPersonnel.25>
                    <dPersonnel.26>1988-03-09</dPersonnel.26>
                    <dPersonnel.27>1992-04-18</dPersonnel.27></dPersonnel.LicensureGroup>
                <dPersonnel.28>V8646508</dPersonnel.28>
                <dPersonnel.29>1529007</dPersonnel.29>
                <dPersonnel.30>1976-08-05</dPersonnel.30>
                <dPersonnel.31>1531007</dPersonnel.31>
                <dPersonnel.32>1992-03-19</dPersonnel.32>
                <dPersonnel.33>2007-09-26</dPersonnel.33>
                <dPersonnel.34>1534017</dPersonnel.34>
                <dPersonnel.35>1534017</dPersonnel.35>
                <dPersonnel.35>1534015</dPersonnel.35>
                <dPersonnel.36>3</dPersonnel.36>
                <dPersonnel.37>1977-12-20</dPersonnel.37>
                <dPersonnel.CertificationLevelGroup UUID="e8d8a3c6-35ea-4f05-8b74-c1094bcb0b18">
                    <dPersonnel.38>9925043</dPersonnel.38>
                    <dPersonnel.39>1986-06-04</dPersonnel.39></dPersonnel.CertificationLevelGroup>
                <dPersonnel.CertificationLevelGroup UUID="d28603bc-707c-45df-845d-951d85ee1a1b">
                    <dPersonnel.38>9925043</dPersonnel.38>
                    <dPersonnel.39>1989-08-04</dPersonnel.39></dPersonnel.CertificationLevelGroup>
                <dPersonnel.CertificationLevelGroup UUID="678faadf-559c-4925-8780-cf9b9ec5ea80">
                    <dPersonnel.38>9925043</dPersonnel.38>
                    <dPersonnel.39>1989-08-06</dPersonnel.39></dPersonnel.CertificationLevelGroup></dPersonnel.PersonnelGroup></dPersonnel>
        <dDevice>
            <dDevice.DeviceGroup UUID="ede83e56-e650-4a52-bdf7-31e1a0dc0e92">
                <dDevice.01>uM</dDevice.01>
                <dDevice.02>f4</dDevice.02>
                <dDevice.03>1603039</dDevice.03>
                <dDevice.03>1603037</dDevice.03>
                <dDevice.03>1603035</dDevice.03>
                <dDevice.04>Zn</dDevice.04>
                <dDevice.05>ey</dDevice.05>
                <dDevice.06>1962-03-21</dDevice.06></dDevice.DeviceGroup>
            <dDevice.DeviceGroup UUID="e0472830-b4b4-4894-8821-ef13ad3ab72f">
                <dDevice.01>XR</dDevice.01>
                <dDevice.02>HW</dDevice.02>
                <dDevice.03>1603039</dDevice.03>
                <dDevice.03>1603037</dDevice.03>
                <dDevice.04>L7</dDevice.04>
                <dDevice.05>bG</dDevice.05>
                <dDevice.06>2008-12-25</dDevice.06></dDevice.DeviceGroup></dDevice>
        <dFacility>
            <dFacilityGroup UUID="f3240bf5-9cd2-4f3c-833d-31b39e75a8a8">
                <dFacility.01>1701017</dFacility.01>
                <dFacility.FacilityGroup UUID="b338c025-2819-4d9d-80e8-c2da10fbce68">
                    <dFacility.02>tY</dFacility.02>
                    <dFacility.03>R8</dFacility.03>
                    <dFacility.04>9908035</dFacility.04>
                    <dFacility.04>9908033</dFacility.04>
                    <dFacility.04>9908031</dFacility.04>
                    <dFacility.05>rinHgRQdFd</dFacility.05>
                    <dFacility.05>98aiyDZBKH</dFacility.05>
                    <dFacility.06>u</dFacility.06>
                    <dFacility.07 StreetAddress2="i">P.O. Box 867, 5900 Sagittis St.</dFacility.07>
                    <dFacility.08>1443808</dFacility.08>
                    <dFacility.09>49</dFacility.09>
                    <dFacility.10>84757</dFacility.10>
                    <dFacility.11>49053</dFacility.11>
                    <dFacility.12>US</dFacility.12>
                    <dFacility.13>37.487664,-113.312512</dFacility.13>
                    <dFacility.14>14SKL21551312</dFacility.14>
                    <dFacility.15 PhoneNumberType="9913009">458-853-0647</dFacility.15>
                    <dFacility.15 PhoneNumberType="9913009">773-516-5208</dFacility.15></dFacility.FacilityGroup>
                <dFacility.FacilityGroup UUID="458bd68d-814e-4a46-8a34-05cfb3e3ff1c">
                    <dFacility.02>Xe</dFacility.02>
                    <dFacility.03>9V</dFacility.03>
                    <dFacility.04>9908035</dFacility.04>
                    <dFacility.04>9908033</dFacility.04>
                    <dFacility.04>9908031</dFacility.04>
                    <dFacility.05>OqBuWVKvof</dFacility.05>
                    <dFacility.05>antgzoRXwN</dFacility.05>
                    <dFacility.06>U</dFacility.06>
                    <dFacility.07 StreetAddress2="J">8268 Justo Road</dFacility.07>
                    <dFacility.08>1443808</dFacility.08>
                    <dFacility.09>49</dFacility.09>
                    <dFacility.10>84757</dFacility.10>
                    <dFacility.11>49053</dFacility.11>
                    <dFacility.12>US</dFacility.12>
                    <dFacility.13>37.487664,-113.312512</dFacility.13>
                    <dFacility.14>11TLT71432278</dFacility.14>
                    <dFacility.15 PhoneNumberType="9913009">822-776-5353</dFacility.15>
                    <dFacility.15 PhoneNumberType="9913009">543-576-5100</dFacility.15>
                    <dFacility.15 PhoneNumberType="9913009">378-570-7618</dFacility.15></dFacility.FacilityGroup></dFacilityGroup>
            <dFacilityGroup UUID="347119a7-5658-44bf-8de1-6ba4072bec2b">
                <dFacility.01>1701017</dFacility.01>
                <dFacility.FacilityGroup UUID="2601bb0d-6c36-4c0a-afda-90c93b110fa5">
                    <dFacility.02>6s</dFacility.02>
                    <dFacility.03>L1</dFacility.03>
                    <dFacility.04>9908035</dFacility.04>
                    <dFacility.04>9908033</dFacility.04>
                    <dFacility.04>9908031</dFacility.04>
                    <dFacility.05>fqWEA1yf52</dFacility.05>
                    <dFacility.05>QoZZIWdbUf</dFacility.05>
                    <dFacility.06>l</dFacility.06>
                    <dFacility.07 StreetAddress2="t">840-2077 Sociis Rd.</dFacility.07>
                    <dFacility.08>1431780</dFacility.08>
                    <dFacility.09>49</dFacility.09>
                    <dFacility.10>84050</dFacility.10>
                    <dFacility.11>49029</dFacility.11>
                    <dFacility.12>US</dFacility.12>
                    <dFacility.13>41.029860,-111.731880</dFacility.13>
                    <dFacility.14>12SAK25622705</dFacility.14>
                    <dFacility.15 PhoneNumberType="9913009">745-506-3043</dFacility.15>
                    <dFacility.15 PhoneNumberType="9913009">782-358-3261</dFacility.15>
                    <dFacility.15 PhoneNumberType="9913009">422-337-3053</dFacility.15></dFacility.FacilityGroup>
                <dFacility.FacilityGroup UUID="58bbefd1-c929-47dd-a686-b061f76ab8e4">
                    <dFacility.02>8B</dFacility.02>
                    <dFacility.03>VZ</dFacility.03>
                    <dFacility.04>9908035</dFacility.04>
                    <dFacility.04>9908033</dFacility.04>
                    <dFacility.05>fOaUSSC1OZ</dFacility.05>
                    <dFacility.05>R2lw10d9ra</dFacility.05>
                    <dFacility.05>4qAjxtDb3v</dFacility.05>
                    <dFacility.06>L</dFacility.06>
                    <dFacility.07 StreetAddress2="z">8531 Arcu. Rd.</dFacility.07>
                    <dFacility.08>1444252</dFacility.08>
                    <dFacility.09>49</dFacility.09>
                    <dFacility.10>84651</dFacility.10>
                    <dFacility.11>49049</dFacility.11>
                    <dFacility.12>US</dFacility.12>
                    <dFacility.13>40.026844,-111.705036</dFacility.13>
                    <dFacility.14>15UGK70518145</dFacility.14>
                    <dFacility.15 PhoneNumberType="9913009">346-805-6162</dFacility.15>
                    <dFacility.15 PhoneNumberType="9913009">758-896-2149</dFacility.15></dFacility.FacilityGroup></dFacilityGroup></dFacility></DemographicReport></DEMDataSet>