<?xml version="1.0" encoding="UTF-8"?>
<StateDataSet xmlns="http://www.nemsis.org"
 xmlns:xsi="http://www.w3.org/2001/XMLSchema-instance"
 xsi:schemaLocation="http://www.nemsis.org http://nemsis.org/media/nemsis_v3/release-3.5.0/XSDs/NEMSIS_XSDs/StateDataSet_v3.xsd" timestamp="2020-08-02T13:10:37+07:00">
    <sState>
        <sState.01>34</sState.01>
    </sState>
    <seCustomConfiguration>
        <seCustomConfiguration.CustomGroup CustomElementID="OvFD-VbZhOqRpVDeRCy-66mVKmaroTQzcy8jGUpfrrI-bb">
            <seCustomConfiguration.01 nemsisElement="fUS6CR7eAQ">QcEaaK9</seCustomConfiguration.01>
            <seCustomConfiguration.02>joHiGm.b2EY5ZN6WO29QE8phfRdNtcOWC2cjac.TAatiV8vRxYJ1P3v18UwofcbG.hSo8QJlP50JmOkEeS8TzrnhD_eaNExG5u9R2yq3LLiaKuB2YmRuOiFNx6jn6dp5</seCustomConfiguration.02>
            <seCustomConfiguration.03>9902007</seCustomConfiguration.03>
            <seCustomConfiguration.04>9923003</seCustomConfiguration.04>
            <seCustomConfiguration.05>9903007</seCustomConfiguration.05>
            <seCustomConfiguration.06 nemsisCode="v6FIY_" customValueDescription="W7">NqdgvZsN7YqR3-NThG89iieravqZ</seCustomConfiguration.06>
            <seCustomConfiguration.07>7701005</seCustomConfiguration.07>
            <seCustomConfiguration.08>8801015</seCustomConfiguration.08>
            <seCustomConfiguration.09>xjUZEAPndnbyNHNxYDA8TSFhhkzzKTluY6G9zgY7dxaXvB3tBz3C_BhGLL1ElBjllvsHS9qC61Lhgo2k__di</seCustomConfiguration.09>
        </seCustomConfiguration.CustomGroup>
    </seCustomConfiguration>
    <sdCustomConfiguration>
        <sdCustomConfiguration.CustomGroup CustomElementID="a_euFxxHCH3y3HKbXijT9yY3d9rr">
            <sdCustomConfiguration.01 nemsisElement="VjJZ">Xqh3lsbFW3q1tjHHHoNiGE_SWlskfIqG</sdCustomConfiguration.01>
            <sdCustomConfiguration.02>mFuz94p1ntrC44RImBjMwMXcpth</sdCustomConfiguration.02>
            <sdCustomConfiguration.03>9902001</sdCustomConfiguration.03>
            <sdCustomConfiguration.04>9923001</sdCustomConfiguration.04>
            <sdCustomConfiguration.05>9903007</sdCustomConfiguration.05>
            <sdCustomConfiguration.06 nemsisCode="s" customValueDescription="l6s-iw2xln">wU</sdCustomConfiguration.06>
            <sdCustomConfiguration.07>7701003</sdCustomConfiguration.07>
            <sdCustomConfiguration.08>8801021</sdCustomConfiguration.08>
            <sdCustomConfiguration.09>O36l2Hr3wzZVdByu1AxZo.SVn-kwaTJFHUkIPJEQwmiXTb0s1TB1kIHEHnwfoACYgzUYEcI0I0wVgTJb09H7u8Eb3sISqjexiquWIYI3rVvH.U_G_wLFUq_BqC4-dHl-CWVxBzXjpR9MpA.PBbV7.gMIih6S.YAAD7oYWC</sdCustomConfiguration.09>
        </sdCustomConfiguration.CustomGroup>
    </sdCustomConfiguration>
    <sSoftware>
        <sSoftware.SoftwareGroup>
            <sSoftware.01 xsi:nil="true" NV="7701005"></sSoftware.01>
            <sSoftware.02 xsi:nil="true" NV="7701005"></sSoftware.02>
            <sSoftware.03 xsi:nil="true" NV="7701001"></sSoftware.03>
        </sSoftware.SoftwareGroup>
    </sSoftware>
    <sElement>
        <sElement.01 xsi:nil="true" NV="7701001"></sElement.01>
    </sElement>
    <sConfiguration>
        <sConfiguration.01 xsi:nil="true" NV="7701001"></sConfiguration.01>
        <sConfiguration.ProcedureGroup>
            <sConfiguration.02 xsi:nil="true" NV="7701001"></sConfiguration.02>
            <sConfiguration.03 xsi:nil="true" NV="7701003"></sConfiguration.03>
        </sConfiguration.ProcedureGroup>
        <sConfiguration.MedicationGroup>
            <sConfiguration.04 xsi:nil="true" NV="7701001"></sConfiguration.04>
            <sConfiguration.05 xsi:nil="true" NV="7701003"></sConfiguration.05>
        </sConfiguration.MedicationGroup>
        <sConfiguration.06 xsi:nil="true" NV="7701001"></sConfiguration.06>
    </sConfiguration>
    <sAgency>
        <sAgencyGroup>
            <sAgency.01 xsi:nil="true" NV="7701003"></sAgency.01>
            <sAgency.02 xsi:nil="true" NV="7701005"></sAgency.02>
            <sAgency.03 xsi:nil="true" NV="7701005"></sAgency.03>
        </sAgencyGroup>
    </sAgency>
    <sFacility>
        <sFacilityGroup>
            <sFacility.01 xsi:nil="true" NV="7701005"></sFacility.01>
            <sFacility.FacilityGroup>
                <sFacility.02 xsi:nil="true" NV="7701001"></sFacility.02>
                <sFacility.03 xsi:nil="true" NV="7701001"></sFacility.03>
                <sFacility.04 xsi:nil="true" NV="7701005"></sFacility.04>
                <sFacility.05>bDX92rhwfj</sFacility.05>
                <sFacility.06>Fb1YvXd_N2UkaMH</sFacility.06>
                <sFacility.07 StreetAddress2="shdMUBXRT_zKIZwxjrUwJWNIHKXxXIfH6yVM0z_EzjpLs.lSAA8DhQaU8siOn1xQfvLTCdgk7CEnbpNugYehNBurbBGjES911MvXyE7jTP1u4Q8Px1k1nGQfQD.S4cDwmhsYTwH82fx9FYdlQGIl3AvFpUwFvtvohr">ubxCvTqOoEXyypMFG5MVUcC9lR-dDQO5eIKVPl.SUaHEYmDJDx_aYW3C-yeXLEQiUDHL.lqP1LOciaiYUsWqynBEq34Njvl2gssqLsCKZr9C4D8dcn1LEp7-Pj</sFacility.07>
                <sFacility.08>1623211529</sFacility.08>
                <sFacility.09 xsi:nil="true" NV="7701005"></sFacility.09>
                <sFacility.10 xsi:nil="true" NV="7701005"></sFacility.10>
                <sFacility.11 xsi:nil="true" NV="7701001"></sFacility.11>
                <sFacility.12>MX</sFacility.12>
                <sFacility.13>4,+67.641</sFacility.13>
                <sFacility.14>60LGG96141818</sFacility.14>
                <sFacility.15 PhoneNumberType="9913003">633-233-8124</sFacility.15>
            </sFacility.FacilityGroup>
        </sFacilityGroup>
    </sFacility>
</StateDataSet>
