<?xml version="1.0" encoding="UTF-8" standalone="yes"?>
<svrl:schematron-output xmlns:svrl="http://purl.oclc.org/dsdl/svrl"
                        xmlns:xs="http://www.w3.org/2001/XMLSchema"
                        xmlns:xsd="http://www.w3.org/2001/XMLSchema"
                        xmlns:saxon="http://saxon.sf.net/"
                        xmlns:schold="http://www.ascc.net/xml/schematron"
                        xmlns:iso="http://purl.oclc.org/dsdl/schematron"
                        xmlns:xhtml="http://www.w3.org/1999/xhtml"
                        xmlns:nem="http://www.nemsis.org"
                        xmlns:xsi="http://www.w3.org/2001/XMLSchema-instance"
                        title="NEMSIS National ISO Schematron file for DEMDataSet"
                        schemaVersion="3.5.0.230317CP4"><!--   
		   
		   
		 -->
   <svrl:ns-prefix-in-attribute-values uri="http://www.nemsis.org" prefix="nem"/>
   <svrl:ns-prefix-in-attribute-values uri="http://www.w3.org/2001/XMLSchema-instance" prefix="xsi"/>
   <svrl:active-pattern document="file:/C:/Users/Josh/Documents/NEMSIS%20TAC/Repository/nemsis/Schematron/utilities/../dist/SampleData/Schematron/DEM/xml/DEMDataSet-nemSch_d016_A.xml"
                        id="nemSch_dNilNvPn"
                        name="DEMDataSet / Nil/Not Value Attributes"/>
   <svrl:fired-rule context="nem:dCustomResults.01" id="nemSch_dNilNvPn_rule_1"/>
   <svrl:active-pattern document="file:/C:/Users/Josh/Documents/NEMSIS%20TAC/Repository/nemsis/Schematron/utilities/../dist/SampleData/Schematron/DEM/xml/DEMDataSet-nemSch_d016_A.xml"
                        id="nemSch_dNvPn"
                        name="DEMDataSet / Not Value/Pertinent Negative Uniqueness"/>
   <svrl:fired-rule context="nem:dCustomResults.01" id="nemSch_dNvPn_rule_1"/>
   <svrl:active-pattern document="file:/C:/Users/Josh/Documents/NEMSIS%20TAC/Repository/nemsis/Schematron/utilities/../dist/SampleData/Schematron/DEM/xml/DEMDataSet-nemSch_d016_A.xml"
                        id="nemSch_uuid"
                        name="DEMDataSet / UUIDs"/>
   <svrl:fired-rule context="*[@UUID]" id="nemSch_uuid_rule_1"/>
   <svrl:fired-rule context="*[@UUID]" id="nemSch_uuid_rule_1"/>
   <svrl:fired-rule context="*[@UUID]" id="nemSch_uuid_rule_1"/>
   <svrl:fired-rule context="*[@UUID]" id="nemSch_uuid_rule_1"/>
   <svrl:fired-rule context="*[@UUID]" id="nemSch_uuid_rule_1"/>
   <svrl:fired-rule context="*[@UUID]" id="nemSch_uuid_rule_1"/>
   <svrl:fired-rule context="*[@UUID]" id="nemSch_uuid_rule_1"/>
   <svrl:fired-rule context="*[@UUID]" id="nemSch_uuid_rule_1"/>
   <svrl:fired-rule context="*[@UUID]" id="nemSch_uuid_rule_1"/>
   <svrl:fired-rule context="*[@UUID]" id="nemSch_uuid_rule_1"/>
   <svrl:fired-rule context="*[@UUID]" id="nemSch_uuid_rule_1"/>
   <svrl:fired-rule context="*[@UUID]" id="nemSch_uuid_rule_1"/>
   <svrl:fired-rule context="*[@UUID]" id="nemSch_uuid_rule_1"/>
   <svrl:fired-rule context="*[@UUID]" id="nemSch_uuid_rule_1"/>
   <svrl:fired-rule context="*[@UUID]" id="nemSch_uuid_rule_1"/>
   <svrl:fired-rule context="*[@UUID]" id="nemSch_uuid_rule_1"/>
   <svrl:fired-rule context="*[@UUID]" id="nemSch_uuid_rule_1"/>
   <svrl:fired-rule context="*[@UUID]" id="nemSch_uuid_rule_1"/>
   <svrl:fired-rule context="*[@UUID]" id="nemSch_uuid_rule_1"/>
   <svrl:fired-rule context="*[@UUID]" id="nemSch_uuid_rule_1"/>
   <svrl:fired-rule context="*[@UUID]" id="nemSch_uuid_rule_1"/>
   <svrl:fired-rule context="*[@UUID]" id="nemSch_uuid_rule_1"/>
   <svrl:fired-rule context="*[@UUID]" id="nemSch_uuid_rule_1"/>
   <svrl:fired-rule context="*[@UUID]" id="nemSch_uuid_rule_1"/>
   <svrl:fired-rule context="*[@UUID]" id="nemSch_uuid_rule_1"/>
   <svrl:fired-rule context="*[@UUID]" id="nemSch_uuid_rule_1"/>
   <svrl:fired-rule context="*[@UUID]" id="nemSch_uuid_rule_1"/>
   <svrl:fired-rule context="*[@UUID]" id="nemSch_uuid_rule_1"/>
   <svrl:fired-rule context="*[@UUID]" id="nemSch_uuid_rule_1"/>
   <svrl:fired-rule context="*[@UUID]" id="nemSch_uuid_rule_1"/>
   <svrl:fired-rule context="*[@UUID]" id="nemSch_uuid_rule_1"/>
   <svrl:fired-rule context="*[@UUID]" id="nemSch_uuid_rule_1"/>
   <svrl:fired-rule context="*[@UUID]" id="nemSch_uuid_rule_1"/>
   <svrl:fired-rule context="*[@UUID]" id="nemSch_uuid_rule_1"/>
   <svrl:fired-rule context="*[@UUID]" id="nemSch_uuid_rule_1"/>
   <svrl:fired-rule context="*[@UUID]" id="nemSch_uuid_rule_1"/>
   <svrl:fired-rule context="*[@UUID]" id="nemSch_uuid_rule_1"/>
   <svrl:fired-rule context="*[@UUID]" id="nemSch_uuid_rule_1"/>
   <svrl:fired-rule context="*[@UUID]" id="nemSch_uuid_rule_1"/>
   <svrl:fired-rule context="*[@UUID]" id="nemSch_uuid_rule_1"/>
   <svrl:fired-rule context="*[@UUID]" id="nemSch_uuid_rule_1"/>
   <svrl:fired-rule context="*[@UUID]" id="nemSch_uuid_rule_1"/>
   <svrl:fired-rule context="*[@UUID]" id="nemSch_uuid_rule_1"/>
   <svrl:fired-rule context="*[@UUID]" id="nemSch_uuid_rule_1"/>
   <svrl:fired-rule context="*[@UUID]" id="nemSch_uuid_rule_1"/>
   <svrl:fired-rule context="*[@UUID]" id="nemSch_uuid_rule_1"/>
   <svrl:fired-rule context="*[@UUID]" id="nemSch_uuid_rule_1"/>
   <svrl:fired-rule context="*[@UUID]" id="nemSch_uuid_rule_1"/>
   <svrl:fired-rule context="*[@UUID]" id="nemSch_uuid_rule_1"/>
   <svrl:fired-rule context="*[@UUID]" id="nemSch_uuid_rule_1"/>
   <svrl:fired-rule context="*[@UUID]" id="nemSch_uuid_rule_1"/>
   <svrl:fired-rule context="*[@UUID]" id="nemSch_uuid_rule_1"/>
   <svrl:fired-rule context="*[@UUID]" id="nemSch_uuid_rule_1"/>
   <svrl:fired-rule context="*[@UUID]" id="nemSch_uuid_rule_1"/>
   <svrl:fired-rule context="*[@UUID]" id="nemSch_uuid_rule_1"/>
   <svrl:fired-rule context="*[@UUID]" id="nemSch_uuid_rule_1"/>
   <svrl:fired-rule context="*[@UUID]" id="nemSch_uuid_rule_1"/>
   <svrl:fired-rule context="*[@UUID]" id="nemSch_uuid_rule_1"/>
   <svrl:fired-rule context="*[@UUID]" id="nemSch_uuid_rule_1"/>
   <svrl:fired-rule context="*[@UUID]" id="nemSch_uuid_rule_1"/>
   <svrl:fired-rule context="*[@UUID]" id="nemSch_uuid_rule_1"/>
   <svrl:fired-rule context="*[@UUID]" id="nemSch_uuid_rule_1"/>
   <svrl:fired-rule context="*[@UUID]" id="nemSch_uuid_rule_1"/>
   <svrl:fired-rule context="*[@UUID]" id="nemSch_uuid_rule_1"/>
   <svrl:fired-rule context="*[@UUID]" id="nemSch_uuid_rule_1"/>
   <svrl:fired-rule context="*[@UUID]" id="nemSch_uuid_rule_1"/>
   <svrl:fired-rule context="*[@UUID]" id="nemSch_uuid_rule_1"/>
   <svrl:fired-rule context="*[@UUID]" id="nemSch_uuid_rule_1"/>
   <svrl:fired-rule context="*[@UUID]" id="nemSch_uuid_rule_1"/>
   <svrl:fired-rule context="*[@UUID]" id="nemSch_uuid_rule_1"/>
   <svrl:active-pattern document="file:/C:/Users/Josh/Documents/NEMSIS%20TAC/Repository/nemsis/Schematron/utilities/../dist/SampleData/Schematron/DEM/xml/DEMDataSet-nemSch_d016_A.xml"
                        id="nemSch_DemographicReport"
                        name="DEMDataSet / Demographic Report"/>
   <svrl:fired-rule context="nem:DemographicReport" id="nemSch_DemographicReport_rule_1"/>
   <svrl:active-pattern document="file:/C:/Users/Josh/Documents/NEMSIS%20TAC/Repository/nemsis/Schematron/utilities/../dist/SampleData/Schematron/DEM/xml/DEMDataSet-nemSch_d016_A.xml"
                        id="nemSch_dAgency"
                        name="DEMDataSet / Agency Information"/>
   <svrl:fired-rule context="nem:dAgency.06" id="nemSch_dAgency_rule_1"/>
   <svrl:fired-rule context="nem:dAgency.07[. != '']" id="nemSch_dAgency_rule_2"/>
   <svrl:fired-rule context="nem:dAgency.07[. != '']" id="nemSch_dAgency_rule_2"/>
   <svrl:fired-rule context="nem:dAgency.06" id="nemSch_dAgency_rule_1"/>
   <svrl:fired-rule context="nem:dAgency.07[. != '']" id="nemSch_dAgency_rule_2"/>
   <svrl:fired-rule context="nem:dAgency.06" id="nemSch_dAgency_rule_1"/>
   <svrl:fired-rule context="nem:dAgency.07[. != '']" id="nemSch_dAgency_rule_2"/>
   <svrl:fired-rule context="nem:dAgency.07[. != '']" id="nemSch_dAgency_rule_2"/>
   <svrl:fired-rule context="nem:dAgency.13" id="nemSch_dAgency_rule_3"/>
   <svrl:active-pattern document="file:/C:/Users/Josh/Documents/NEMSIS%20TAC/Repository/nemsis/Schematron/utilities/../dist/SampleData/Schematron/DEM/xml/DEMDataSet-nemSch_d016_A.xml"
                        id="nemSch_dConfiguration"
                        name="DEMDataSet / Configuration Information"/>
   <svrl:fired-rule context="nem:dAgency[nem:dAgency.04 = ancestor::nem:DemographicReport/nem:dConfiguration/nem:dConfiguration.ConfigurationGroup/nem:dConfiguration.01]"
                    id="nemSch_dConfiguration_rule_3"/>
   <svrl:fired-rule context="nem:dAgency.04" id="nemSch_dConfiguration_rule_1"/>
   <svrl:fired-rule context="nem:dConfiguration.01" id="nemSch_dConfiguration_rule_2"/>
   <svrl:fired-rule context="nem:dConfiguration.09[. != '']"
                    id="nemSch_dConfiguration_rule_5"/>
   <svrl:fired-rule context="nem:dConfiguration.09[. != '']"
                    id="nemSch_dConfiguration_rule_5"/>
   <svrl:fired-rule context="nem:dConfiguration.09[. != '']"
                    id="nemSch_dConfiguration_rule_5"/>
   <svrl:fired-rule context="nem:dConfiguration.09[. != '']"
                    id="nemSch_dConfiguration_rule_5"/>
   <svrl:fired-rule context="nem:dConfiguration.16" id="nemSch_dConfiguration_rule_6"/>
   <svrl:fired-rule context="nem:dConfiguration.16" id="nemSch_dConfiguration_rule_6"/>
   <svrl:fired-rule context="nem:dConfiguration.01" id="nemSch_dConfiguration_rule_2"/>
   <svrl:fired-rule context="nem:dConfiguration.09[. != '']"
                    id="nemSch_dConfiguration_rule_5"/>
   <svrl:fired-rule context="nem:dConfiguration.09[. != '']"
                    id="nemSch_dConfiguration_rule_5"/>
   <svrl:fired-rule context="nem:dConfiguration.09[. != '']"
                    id="nemSch_dConfiguration_rule_5"/>
   <svrl:fired-rule context="nem:dConfiguration.09[. != '']"
                    id="nemSch_dConfiguration_rule_5"/>
   <svrl:fired-rule context="nem:dConfiguration.09[. != '']"
                    id="nemSch_dConfiguration_rule_5"/>
   <svrl:fired-rule context="nem:dConfiguration.09[. != '']"
                    id="nemSch_dConfiguration_rule_5"/>
   <svrl:fired-rule context="nem:dConfiguration.09[. != '']"
                    id="nemSch_dConfiguration_rule_5"/>
   <svrl:fired-rule context="nem:dConfiguration.09[. != '']"
                    id="nemSch_dConfiguration_rule_5"/>
   <svrl:fired-rule context="nem:dConfiguration.09[. != '' and @CodeType]"
                    id="nemSch_dConfiguration_rule_4"/>
   <svrl:fired-rule context="nem:dConfiguration.09[. != '' and @CodeType]"
                    id="nemSch_dConfiguration_rule_4"/>
   <svrl:fired-rule context="nem:dConfiguration.09[. != '']"
                    id="nemSch_dConfiguration_rule_5"/>
   <svrl:failed-assert test="matches(., '^[0-9]2 7$') or . = ('116762002', '116795008', '116861002', '116865006', '180208003', '33389009', '71493000')"
                       id="nemSch_d016"
                       role="[ERROR]"
                       location="/*:DEMDataSet[namespace-uri()='http://www.nemsis.org'][1]/*:DemographicReport[namespace-uri()='http://www.nemsis.org'][1]/*:dConfiguration[namespace-uri()='http://www.nemsis.org'][1]/*:dConfiguration.ConfigurationGroup[namespace-uri()='http://www.nemsis.org'][2]/*:dConfiguration.MedicationGroup[namespace-uri()='http://www.nemsis.org'][3]/*:dConfiguration.09[namespace-uri()='http://www.nemsis.org'][5]">
      <svrl:text>EMS Agency Medications should be an RxNorm code of between 2 and 7 digits or a SNOMED code specifically allowed in the data dictionary.
    </svrl:text>
      <svrl:diagnostic-reference diagnostic="nemsisDiagnostic">
         <nemsisDiagnostic xmlns="http://www.nemsis.org">
            <record>
               <dAgency.01>0</dAgency.01>
               <dAgency.02>A</dAgency.02>
               <dAgency.04>49</dAgency.04>
               <UUID>6ea75423-e7b5-4fb6-b733-810b09839de5</UUID>
            </record>
            <elements>
               <element location="/*:DEMDataSet[namespace-uri()='http://www.nemsis.org'][1]/*:DemographicReport[namespace-uri()='http://www.nemsis.org'][1]/*:dConfiguration[namespace-uri()='http://www.nemsis.org'][1]/*:dConfiguration.ConfigurationGroup[namespace-uri()='http://www.nemsis.org'][2]/*:dConfiguration.MedicationGroup[namespace-uri()='http://www.nemsis.org'][3]/*:dConfiguration.09[namespace-uri()='http://www.nemsis.org'][5]">938264758</element>
            </elements>
            <elementsMissing/>
         </nemsisDiagnostic>
      </svrl:diagnostic-reference>
   </svrl:failed-assert>
   <svrl:fired-rule context="nem:dConfiguration.16" id="nemSch_dConfiguration_rule_6"/>
   <svrl:fired-rule context="nem:dConfiguration.16" id="nemSch_dConfiguration_rule_6"/>
   <svrl:fired-rule context="nem:dConfiguration.01" id="nemSch_dConfiguration_rule_2"/>
   <svrl:fired-rule context="nem:dConfiguration.09[. != '']"
                    id="nemSch_dConfiguration_rule_5"/>
   <svrl:fired-rule context="nem:dConfiguration.09[. != '']"
                    id="nemSch_dConfiguration_rule_5"/>
   <svrl:fired-rule context="nem:dConfiguration.09[. != '']"
                    id="nemSch_dConfiguration_rule_5"/>
   <svrl:fired-rule context="nem:dConfiguration.09[. != '']"
                    id="nemSch_dConfiguration_rule_5"/>
   <svrl:fired-rule context="nem:dConfiguration.09[. != '']"
                    id="nemSch_dConfiguration_rule_5"/>
   <svrl:fired-rule context="nem:dConfiguration.09[. != '']"
                    id="nemSch_dConfiguration_rule_5"/>
   <svrl:fired-rule context="nem:dConfiguration.09[. != '']"
                    id="nemSch_dConfiguration_rule_5"/>
   <svrl:fired-rule context="nem:dConfiguration.09[. != '']"
                    id="nemSch_dConfiguration_rule_5"/>
   <svrl:fired-rule context="nem:dConfiguration.16" id="nemSch_dConfiguration_rule_6"/>
   <svrl:fired-rule context="nem:dConfiguration.16" id="nemSch_dConfiguration_rule_6"/>
   <svrl:fired-rule context="nem:dConfiguration.16" id="nemSch_dConfiguration_rule_6"/>
</svrl:schematron-output>
